player,team,gp,min,fgm,fga,fg_pct,fg3m,fg3a,fg3_pct,ftm,fta,ft_pct,oreb,dreb,reb,ast,stl,blk,tov,pf,pts,eff,ast_tov,stl_tov,age,height_in,weight_lb,wingspan_in,years_experience,min_salary,max_salary,salary,log_salary,pts_36,oreb_36,dreb_36,ast_36,stl_36,blk_36,tov_36,fga_36,fg3a_36,fta_36,pf_36,mpg
Luka Dončić,LAL,64,2289,693,1457,0.476,254,694,0.366,503,645,0.78,41,454,495,530,105,34,255,153,2143,2146,2.08,0.41,27.0,80,230.0,83.98794629596165,7,3080921,46394100,45999660.0,17.644144563121706,33.7038007863696,0.6448230668414154,7.140235910878112,8.33551769331586,1.651376146788991,0.5347313237221494,4.010484927916121,22.91480996068152,10.91480996068152,10.14416775884666,2.406290956749672,35.765625
Shai Gilgeous-Alexander,OKC,68,2259,731,1321,0.553,115,298,0.386,540,614,0.879,38,254,292,448,95,52,151,139,2117,2189,2.97,0.63,27.0,78,195.0,83.5,7,3080921,46394100,38333050.0,17.46182300632775,33.73705179282869,0.6055776892430279,4.047808764940239,7.139442231075698,1.5139442231075697,0.8286852589641435,2.406374501992032,21.051792828685258,4.749003984063745,9.784860557768924,2.2151394422310755,33.220588235294116
Jaylen Brown,BOS,71,2443,736,1543,0.477,140,404,0.347,426,536,0.795,81,411,492,364,72,27,259,191,2038,1817,1.41,0.28,29.0,78,223.0,83.75,9,3303774,46394100,53142264.0,17.7884831018295,30.03192795742939,1.193614408514122,6.0564879246827665,5.363896848137536,1.0609905853458863,0.39787146950470736,3.816618911174785,22.73761768317642,5.953336062218584,7.898485468686042,2.8145722472370034,34.40845070422535
Kevin Durant,HOU,78,2840,716,1376,0.52,186,450,0.413,408,467,0.874,41,385,426,372,62,71,246,142,2026,1992,1.51,0.25,37.0,83,240.0,88.75,18,3634153,54126450,54708609.0,17.817531640748776,25.68169014084507,0.5197183098591549,4.880281690140846,4.715492957746479,0.7859154929577464,0.9,3.1183098591549294,17.442253521126762,5.704225352112676,5.919718309859155,1.8,36.41025641025641
Tyrese Maxey,PHI,70,2661,694,1501,0.462,220,599,0.367,372,417,0.892,24,266,290,461,130,55,171,151,1980,1893,2.7,0.76,25.0,74,200.0,78.08327638641137,5,2667944,38661750,37958760.0,17.452010865208283,26.7869222096956,0.3246899661781285,3.5986471251409244,6.236753100338219,1.7587373167981961,0.7440811724915445,2.3134160090191656,20.30665163472379,8.103720405862457,5.641488162344983,2.0428410372040586,38.01428571428571
Donovan Mitchell,CLE,70,2342,678,1403,0.483,224,616,0.364,372,430,0.865,50,266,316,398,104,20,198,163,1952,1809,2.01,0.53,29.0,74,215.0,82.0,8,3287409,46394100,46394100.0,17.652682853939165,30.005123825789923,0.7685738684884714,4.088812980358668,6.117847993168232,1.5986336464560205,0.3074295473953885,3.0435525192143467,21.566182749786506,9.468830059777968,6.609735269000854,2.5055508112724167,33.457142857142856
Jalen Brunson,NYK,74,2590,689,1475,0.467,195,528,0.369,354,421,0.841,31,216,247,503,57,8,175,170,1927,1714,2.87,0.33,29.0,74,190.0,76.0,7,3080921,46394100,34944001.0,17.36925736670393,26.784555984555986,0.43088803088803085,3.0023166023166024,6.991505791505792,0.7922779922779922,0.11119691119691119,2.4324324324324325,20.501930501930502,7.338996138996139,5.851737451737452,2.3629343629343627,35.0
Jamal Murray,DEN,75,2652,657,1360,0.483,245,563,0.435,346,390,0.887,32,298,330,535,66,29,171,131,1905,1947,3.13,0.39,29.0,76,215.0,80.05149968959479,9,3303774,46394100,46394100.0,17.652682853939165,25.85972850678733,0.4343891402714932,4.04524886877828,7.262443438914027,0.8959276018099547,0.3936651583710407,2.321266968325792,18.46153846153846,7.642533936651583,5.294117647058823,1.7782805429864252,35.36
Kawhi Leonard,LAC,65,2085,635,1258,0.505,172,445,0.387,371,416,0.892,71,342,413,234,122,27,133,78,1813,1808,1.76,0.92,34.0,78,225.0,87.0,14,3634153,54126450,50000000.0,17.72753356339242,31.303597122302158,1.2258992805755395,5.905035971223022,4.040287769784173,2.1064748201438848,0.4661870503597122,2.2964028776978416,21.72086330935252,7.683453237410072,7.18273381294964,1.3467625899280575,32.07692307692308
Nikola Jokić,DEN,65,2265,644,1132,0.569,112,295,0.38,399,480,0.831,192,644,836,697,92,53,243,173,1799,2665,2.87,0.38,31.0,83,284.0,86.94028125073677,10,3634153,54126450,55224526.0,17.826917724164357,28.593377483443707,3.0516556291390726,10.235761589403973,11.078145695364238,1.4622516556291392,0.8423841059602649,3.862251655629139,17.99205298013245,4.688741721854305,7.629139072847682,2.7496688741721855,34.84615384615385
Anthony Edwards,MIN,61,2137,602,1231,0.489,205,514,0.399,348,437,0.796,36,266,302,226,83,49,174,118,1757,1525,1.3,0.48,24.0,76,225.0,80.05149968959479,5,2667944,38661750,45550512.0,17.634332422002238,29.59850257370145,0.6064576509124942,4.481048198408985,3.8072063640617686,1.3982218062704725,0.8254562470753393,2.9312119794103886,20.737482452035565,8.658867571361721,7.361722040243332,1.9878334113242864,35.032786885245905
Devin Booker,PHX,64,2146,546,1198,0.456,122,370,0.33,454,520,0.873,48,200,248,386,51,18,201,168,1668,1452,1.92,0.25,29.0,77,206.0,80.25,10,3634153,54126450,53142264.0,17.7884831018295,27.981360671015846,0.8052190121155639,3.3550792171481825,6.4753028890959925,0.8555452003727866,0.3019571295433364,3.3718546132339235,20.096924510717617,6.206896551724139,8.723205964585276,2.8182665424044733,33.53125
Julius Randle,MIN,79,2610,580,1207,0.481,109,346,0.315,398,496,0.802,132,400,532,398,86,18,217,223,1667,1759,1.83,0.4,31.0,81,250.0,84.0,11,3634153,54126450,30864198.0,17.245107429348128,22.99310344827586,1.8206896551724139,5.517241379310344,5.4896551724137925,1.1862068965517243,0.2482758620689655,2.993103448275862,16.648275862068967,4.772413793103448,6.841379310344827,3.075862068965517,33.037974683544306
Brandon Ingram,TOR,77,2604,614,1288,0.477,135,353,0.382,292,356,0.82,63,367,430,284,58,55,187,148,1655,1557,1.52,0.31,28.0,80,190.0,83.98794629596165,9,3303774,46394100,38095238.0,17.455599845408777,22.880184331797235,0.8709677419354839,5.07373271889401,3.926267281105991,0.8018433179723502,0.7603686635944701,2.5852534562211984,17.806451612903224,4.880184331797235,4.921658986175116,2.046082949308756,33.81818181818182
James Harden,CLE,70,2438,487,1123,0.434,215,573,0.375,463,524,0.884,40,296,336,557,79,28,245,137,1652,1710,2.27,0.32,36.0,77,220.0,82.75,16,3634153,54126450,39182693.0,17.483745702166576,24.393765381460213,0.5906480721903199,4.370795734208367,8.224774405250205,1.166529942575882,0.41345365053322397,3.6177194421657095,16.582444626743232,8.461033634126332,7.737489745693191,2.0229696472518457,34.82857142857143
Desmond Bane,ORL,82,2756,583,1205,0.484,167,427,0.391,314,346,0.908,98,240,338,338,86,37,164,252,1647,1628,2.06,0.52,27.0,78,215.0,82.01972299277821,5,2667944,38661750,36725670.0,17.418986523561,21.51378809869376,1.2801161103047896,3.134978229317852,4.415094339622642,1.123367198838897,0.4833091436865022,2.142235123367199,15.74020319303338,5.577648766328012,4.519593613933236,3.291727140783745,33.609756097560975
Nickeil Alexander-Walker,ATL,78,2603,548,1195,0.459,251,629,0.399,277,307,0.902,52,216,268,286,102,42,162,173,1624,1483,1.77,0.63,27.0,77,205.0,81.5,6,2874436,38661750,15161800.0,16.53428966463947,22.46023818670764,0.7191701882443334,2.987322320399539,3.9554360353438343,1.4106799846331155,0.580868228966577,2.2404917402996545,16.527084133691893,8.69919323857088,4.245870149827122,2.3926238955051864,33.37179487179487
Jalen Johnson,ATL,72,2532,600,1228,0.489,120,341,0.352,301,382,0.788,101,639,740,566,89,31,244,151,1621,2094,2.32,0.37,24.0,80,219.0,84.25,4,2461463,38661750,30000000.0,17.216707939626428,23.047393364928908,1.4360189573459716,9.085308056872039,8.04739336492891,1.2654028436018958,0.44075829383886256,3.469194312796209,17.459715639810426,4.848341232227488,5.431279620853081,2.146919431279621,35.166666666666664
Victor Wembanyama,SAS,64,1866,553,1080,0.512,122,350,0.349,372,450,0.827,130,606,736,199,66,197,155,156,1600,2038,1.28,0.43,22.0,88,235.0,91.86083950869534,2,2296274,38661750,13376880.0,16.40903840161627,30.868167202572348,2.508038585209003,11.691318327974276,3.8392282958199355,1.2733118971061093,3.8006430868167205,2.990353697749196,20.836012861736336,6.752411575562701,8.681672025723472,3.009646302250804,29.15625
Paolo Banchero,ORL,72,2502,529,1152,0.459,84,275,0.305,457,590,0.775,85,519,604,373,51,40,222,144,1599,1689,1.68,0.23,23.0,82,250.0,85.95616959914507,3,2378870,38661750,15334769.0,16.545633291836985,23.007194244604317,1.223021582733813,7.467625899280575,5.366906474820144,0.7338129496402879,0.5755395683453237,3.194244604316547,16.575539568345324,3.956834532374101,8.489208633093526,2.0719424460431655,34.75
Deni Avdija,POR,66,2199,492,1064,0.462,125,393,0.318,489,610,0.802,74,380,454,442,51,41,253,168,1598,1640,1.75,0.2,25.0,80,228.0,83.98794629596165,5,2667944,38661750,14375000.0,16.48100114464769,26.16098226466576,1.2114597544338335,6.221009549795361,7.2360163710777625,0.834924965893588,0.6712141882673943,4.1418826739427015,17.41882673942701,6.433833560709413,9.986357435197817,2.7503410641200547,33.31818181818182
Cade Cunningham,DET,64,2172,548,1189,0.461,125,366,0.342,310,382,0.812,56,299,355,634,92,54,236,196,1531,1717,2.69,0.39,24.0,78,220.0,82.01972299277821,4,2461463,38661750,46394100.0,17.652682853939165,25.375690607734803,0.9281767955801105,4.955801104972376,10.508287292817679,1.5248618784530388,0.8950276243093922,3.9116022099447516,19.707182320441987,6.066298342541437,6.331491712707182,3.248618784530387,33.9375
Karl-Anthony Towns,NYK,75,2322,517,1032,0.501,113,307,0.368,357,416,0.858,233,656,889,226,65,40,187,255,1504,1963,1.21,0.35,30.0,84,248.0,87.92439290232849,10,3634153,54126450,53142264.0,17.7884831018295,23.31782945736434,3.6124031007751936,10.170542635658915,3.503875968992248,1.0077519379844961,0.6201550387596899,2.89922480620155,16.0,4.75968992248062,6.449612403100775,3.953488372093023,30.96
Kon Knueppel,CHA,81,2551,515,1084,0.475,273,642,0.425,195,226,0.863,97,335,432,274,57,19,161,169,1498,1519,1.7,0.35,20.0,78,215.0,78.25,0,1272870,38661750,10015680.0,16.119662422929853,21.13994511956096,1.3688749509996079,4.727557820462564,3.86671893375147,0.804390435123481,0.26813014504116034,2.272050176401411,15.297530380243042,9.059976479811839,3.1893375147001177,2.3849470795766368,31.493827160493826
Pascal Siakam,IND,62,2057,559,1155,0.484,105,293,0.358,262,378,0.693,89,322,411,236,69,25,138,147,1485,1376,1.71,0.5,32.0,80,245.0,87.25,9,3303774,46394100,45550512.0,17.634332422002238,25.989304812834224,1.5576081672338358,5.635391346621294,4.130286825473991,1.207583859990277,0.4375303840544482,2.415167719980554,20.21390374331551,5.127856101118133,6.615459406903257,2.5726786582401555,33.17741935483871
Cooper Flagg,DAL,70,2344,559,1194,0.468,72,244,0.295,283,342,0.827,86,380,466,316,84,64,161,142,1473,1548,1.96,0.52,19.0,81,205.0,84.0,0,1272870,38661750,13825920.0,16.442055649270696,22.622866894197955,1.3208191126279862,5.836177474402731,4.853242320819113,1.2901023890784982,0.9829351535836177,2.472696245733788,18.33788395904437,3.7474402730375425,5.252559726962458,2.1808873720136517,33.48571428571429
Bam Adebayo,MIA,73,2365,506,1145,0.442,127,400,0.318,329,423,0.778,149,583,732,232,86,49,120,122,1468,1714,1.93,0.72,28.0,81,255.0,86.75,8,3287409,46394100,37096620.0,17.429036418306048,22.345877378435517,2.268076109936575,8.874418604651163,3.5315010570824525,1.309090909090909,0.7458773784355179,1.8266384778012685,17.429175475687103,6.088794926004228,6.438900634249471,1.8570824524312897,32.397260273972606
Alperen Sengun,HOU,72,2398,583,1123,0.519,40,131,0.305,260,376,0.691,215,425,640,445,85,77,227,238,1466,1830,1.96,0.37,23.0,83,243.0,86.94028125073677,4,2461463,38661750,33944954.0,17.340250770583662,22.00834028356964,3.227689741451209,6.380316930775646,6.6805671392827355,1.2760633861551292,1.1559633027522938,3.407839866555463,16.85904920767306,1.9666388657214346,5.644703919933278,3.572977481234362,33.30555555555556
Scottie Barnes,TOR,80,2681,569,1123,0.507,68,224,0.304,242,297,0.815,149,451,600,474,114,116,210,211,1448,1933,2.26,0.54,24.0,80,237.0,86.75,4,2461463,38661750,38661750.0,17.47036129714521,19.44349123461395,2.000745990302126,6.055949272659456,6.364789257739649,1.5307720999627004,1.557627750839239,2.8198433420365534,15.079447967176426,3.0078328981723237,3.988064155165983,2.833271167474823,33.5125
LaMelo Ball,CHA,72,2017,506,1244,0.407,272,740,0.368,161,179,0.899,65,282,347,514,87,17,202,195,1445,1452,2.55,0.43,24.0,79,180.0,83.00383464436993,5,2667944,38661750,37958760.0,17.452010865208283,25.790778383738225,1.160138820029747,5.03321764997521,9.174020823004462,1.5528011898859693,0.3034209221616262,3.605354486861676,22.203272186415468,13.207734258800198,3.1948438274665345,3.4804164600892418,28.01388888888889
Amen Thompson,HOU,79,2953,557,1044,0.534,25,116,0.216,304,390,0.779,235,379,614,420,119,48,190,175,1443,1881,2.21,0.63,23.0,79,200.0,84.0,2,2296274,38661750,9690600.0,16.08666690145466,17.591601760921098,2.864883169657975,4.620386048086692,5.120216728750423,1.4507280731459533,0.5851676261429055,2.316288520149001,12.727395868608196,1.4141550965120218,4.754486962411107,2.133423636979343,37.379746835443036
CJ McCollum,ATL,76,2263,525,1154,0.455,191,510,0.375,183,237,0.772,62,190,252,293,64,35,135,144,1424,1250,2.17,0.47,34.0,75,190.0,78.25,12,3634153,54126450,30666666.0,17.238686824606074,22.653115333627927,0.9863013698630136,3.0225364560318164,4.661069376933275,1.0181175430844012,0.5567830313742819,2.1475916924436587,18.35793194874061,8.113124171453823,3.770216526734423,2.2907644719399025,29.776315789473685
Trey Murphy III,NOP,66,2341,494,1050,0.47,214,565,0.379,218,246,0.886,63,314,377,250,99,24,120,138,1420,1466,2.08,0.83,25.0,80,206.0,84.0,4,2461463,38661750,25000000.0,17.034386382832476,21.8368218709953,0.9688167449807775,4.828705681332764,3.844510892780863,1.5224263135412217,0.36907304570696287,1.845365228534814,16.146945749679624,8.68859461768475,3.782998718496369,2.1221700128150363,35.46969696969697
DeMar DeRozan,SAC,77,2406,499,1005,0.497,47,147,0.32,374,431,0.868,35,191,226,316,80,23,96,149,1419,1405,3.29,0.83,36.0,78,220.0,81.0,16,3634153,54126450,24570000.0,17.01703674449736,21.231920199501246,0.5236907730673317,2.85785536159601,4.728179551122194,1.1970074812967582,0.344139650872818,1.4364089775561097,15.037406483790525,2.199501246882793,6.448877805486284,2.229426433915212,31.246753246753247
Jalen Duren,DET,70,1976,522,803,0.65,0,0,0.0,321,430,0.747,265,472,737,138,57,59,130,195,1365,1836,1.06,0.44,22.0,82,250.0,85.95616959914507,3,2378870,38661750,6483144.0,15.684716135849367,24.86842105263158,4.827935222672065,8.59919028340081,2.5141700404858303,1.0384615384615385,1.0748987854251013,2.3684210526315788,14.629554655870445,0.0,7.834008097165992,3.5526315789473686,28.228571428571428
Payton Pritchard,BOS,79,2556,506,1091,0.464,212,562,0.377,121,136,0.89,69,243,312,408,58,10,109,118,1345,1424,3.74,0.53,28.0,73,195.0,77.09916473481965,5,2667944,38661750,7232143.0,15.79404595408875,18.943661971830984,0.971830985915493,3.4225352112676055,5.746478873239437,0.8169014084507042,0.14084507042253522,1.5352112676056338,15.366197183098592,7.915492957746479,1.9154929577464788,1.6619718309859155,32.35443037974684
De'Aaron Fox,SAS,72,2231,509,1047,0.486,131,395,0.332,187,246,0.76,42,228,270,445,89,19,164,162,1336,1398,2.71,0.54,28.0,75,185.0,78.5,8,3287409,46394100,37096620.0,17.429036418306048,21.55804571940834,0.6777229941730166,3.6790676826535185,7.180636485880771,1.4361272971761543,0.3065889735544599,2.6463469296279696,16.89466606902734,6.37382339757956,3.969520394441954,2.614074406095921,30.98611111111111
Miles Bridges,CHA,77,2387,479,1042,0.46,148,445,0.333,208,253,0.822,75,375,450,246,46,34,107,131,1314,1375,2.3,0.43,28.0,79,225.0,81.5,7,3080921,46394100,25000000.0,17.034386382832476,19.817343946376205,1.1311269375785504,5.655634687892753,3.7100963552576456,0.6937578550481777,0.5127775450356096,1.6137410976120654,15.715123586091327,6.711353162966066,3.815668202764977,1.9757017176372016,31.0
Brandon Miller,CHA,65,1968,454,1044,0.435,204,533,0.383,199,223,0.892,70,249,319,217,66,44,163,180,1311,1180,1.33,0.41,23.0,79,200.0,83.00383464436993,2,2296274,38661750,11968800.0,16.29781382188216,23.98170731707317,1.2804878048780488,4.554878048780488,3.969512195121951,1.207317073170732,0.8048780487804879,2.9817073170731705,19.097560975609756,9.75,4.079268292682927,3.292682926829268,30.276923076923076
Zion Williamson,NOP,62,1841,484,807,0.6,1,4,0.25,333,465,0.716,125,228,353,199,60,34,126,141,1302,1367,1.58,0.48,25.0,78,284.0,82.01972299277821,6,2874436,38661750,39446090.0,17.490445487543145,25.46007604562738,2.4443237370994026,4.4584464964693105,3.891363389462249,1.1732753938077132,0.6648560564910375,2.463878326996198,15.780554046713743,0.07821835958718087,9.092884302009777,2.757197175448126,29.693548387096776
Ryan Rollins,MIL,74,2375,486,1030,0.472,184,453,0.406,125,157,0.796,54,284,338,414,110,31,201,193,1281,1397,2.06,0.55,23.0,75,180.0,81.75,3,2378870,38661750,4000000.0,15.201804919084164,19.417263157894737,0.8185263157894738,4.304842105263158,6.275368421052631,1.6673684210526316,0.46989473684210525,3.046736842105263,15.612631578947369,6.866526315789473,2.3797894736842107,2.9254736842105262,32.0945945945946
Keyonte George,UTA,54,1786,402,881,0.456,134,361,0.371,337,378,0.892,23,176,199,332,58,14,166,120,1275,1192,2.0,0.35,22.0,76,185.0,80.05149968959479,2,2296274,38661750,4278960.0,15.26922054737676,25.699888017917132,0.46360582306830905,3.547592385218365,6.692049272116462,1.1690929451287795,0.28219484882418816,3.346024636058231,17.758118701007838,7.276595744680851,7.6192609182530795,2.4188129899216126,33.074074074074076
Saddiq Bey,NOP,72,2246,436,967,0.451,151,412,0.367,248,295,0.841,121,279,400,182,68,7,68,95,1271,1282,2.68,1.0,27.0,80,215.0,83.98794629596165,5,2667944,38661750,6118644.0,15.626851061311102,20.37221727515583,1.9394479073909172,4.471950133570792,2.917186108637578,1.0899376669634906,0.11219946571682993,1.0899376669634906,15.499554764024932,6.603739982190561,4.728406055209261,1.522707034728406,31.194444444444443
Derrick White,BOS,77,2625,437,1108,0.394,209,640,0.327,184,204,0.902,86,253,339,414,88,98,134,119,1267,1381,3.09,0.66,31.0,76,190.0,79.5,8,3287409,46394100,28100000.0,17.151280134303974,17.376,1.1794285714285715,3.4697142857142858,5.677714285714286,1.2068571428571429,1.344,1.8377142857142859,15.195428571428572,8.777142857142858,2.7977142857142856,1.6320000000000001,34.09090909090909
Norman Powell,MIA,58,1717,421,895,0.47,156,410,0.38,263,318,0.827,22,181,203,143,64,14,111,127,1261,1045,1.29,0.58,33.0,75,215.0,82.75,10,3634153,54126450,20482758.0,16.835094017037413,26.439138031450202,0.4612696563774024,3.7949912638322654,2.998252766453116,1.341875364006989,0.29353523587652885,2.327315084449621,18.765288293535235,8.596389050669773,6.667443214909726,2.662783925451369,29.603448275862068
Michael Porter Jr.,BKN,52,1689,444,958,0.463,176,485,0.363,195,227,0.859,69,298,367,158,55,13,122,116,1259,1184,1.3,0.45,27.0,82,218.0,84.25,7,3080921,46394100,38333050.0,17.46182300632775,26.834813499111903,1.4706927175843696,6.351687388987566,3.3676731793960926,1.172291296625222,0.27708703374777977,2.600355239786856,20.419182948490228,10.337477797513323,4.838365896980461,2.47246891651865,32.48076923076923
LeBron James,LAL,60,1989,473,919,0.515,77,243,0.317,233,316,0.737,43,321,364,432,72,35,179,81,1256,1451,2.41,0.4,41.0,81,250.0,84.25,22,3634153,54126450,52627153.0,17.778742761243954,22.733031674208142,0.7782805429864253,5.809954751131222,7.8190045248868785,1.3031674208144797,0.6334841628959276,3.239819004524887,16.63348416289593,4.398190045248868,5.71945701357466,1.4660633484162897,33.15
Matas Buzelis,CHI,77,2248,446,963,0.463,173,495,0.349,187,238,0.786,77,371,448,158,55,116,159,177,1252,1302,0.99,0.35,21.0,80,196.0,82.0,1,2048494,38661750,5455560.0,15.512145830092148,20.04982206405694,1.2330960854092528,5.9412811387900355,2.5302491103202844,0.8807829181494662,1.8576512455516014,2.5462633451957295,15.421708185053381,7.927046263345195,3.811387900355872,2.8345195729537367,29.194805194805195
Jabari Smith Jr.,HOU,77,2705,438,974,0.45,177,488,0.363,162,209,0.775,108,421,529,143,56,71,105,192,1215,1326,1.36,0.53,23.0,83,220.0,86.94028125073677,3,2378870,38661750,12350392.0,16.329198361425217,16.170055452865064,1.4373382624768947,5.602957486136784,1.9031423290203326,0.7452865064695009,0.944916820702403,1.3974121996303142,12.962661737523106,6.494639556377079,2.7815157116451017,2.5552680221811457,35.12987012987013
VJ Edgecombe,PHI,75,2623,451,1030,0.438,149,421,0.354,148,181,0.818,122,301,423,315,107,39,137,214,1199,1334,2.3,0.78,20.0,76,190.0,79.5,0,1272870,38661750,11108880.0,16.223255346453126,16.455966450629052,1.6744186046511627,4.131147540983607,4.323293938238658,1.4685474647350363,0.5352649637819291,1.8802897445672893,14.136484940907359,5.7781166603126195,2.484178421654594,2.9370949294700726,34.973333333333336
Austin Reaves,LAL,51,1762,373,762,0.49,118,328,0.36,323,371,0.871,33,207,240,280,56,20,151,110,1187,1195,1.85,0.37,28.0,77,197.0,78.25,4,2461463,38661750,13937574.0,16.450098916587557,24.251986379114644,0.674233825198638,4.229284903518729,5.7207718501702605,1.1441543700340522,0.4086265607264472,3.0851305334846764,15.56867196367764,6.701475595913735,7.580022701475596,2.2474460839954595,34.549019607843135
Chet Holmgren,OKC,69,1997,434,779,0.557,88,243,0.362,225,284,0.792,130,485,615,115,43,131,107,158,1181,1574,1.08,0.4,24.0,85,208.0,88.9085045539202,3,2378870,38661750,13731368.0,16.435193408614776,21.28993490235353,2.3435152729093645,8.743114672008012,2.0731096644967453,0.7751627441161743,2.3615423134702054,1.928893340010015,14.043064596895343,4.380570856284427,5.119679519278918,2.848272408612919,28.942028985507246
Mikal Bridges,NYK,82,2692,472,963,0.49,156,420,0.371,81,98,0.827,79,233,312,304,107,62,83,160,1181,1375,3.66,1.29,29.0,78,209.0,82.01972299277821,7,3080921,46394100,24900000.0,17.030378361434938,15.793462109955424,1.0564635958395245,3.1158989598811293,4.065378900445765,1.4309063893016343,0.8291233283803864,1.1099554234769688,12.87815750371471,5.616641901931649,1.3105497771173849,2.139673105497771,32.829268292682926
Evan Mobley,CLE,65,2074,469,859,0.546,62,209,0.297,180,297,0.606,156,430,586,234,48,113,122,159,1180,1532,1.92,0.39,24.0,83,215.0,86.94028125073677,4,2461463,38661750,46394100.0,17.652682853939165,20.48216007714561,2.707810993249759,7.463837994214079,4.061716489874638,0.8331726133076182,1.961427193828351,2.1176470588235294,14.910318225650917,3.6277724204435873,5.155255544840887,2.759884281581485,31.907692307692308
Jeremiah Fears,NOP,82,2112,437,1006,0.434,101,306,0.33,194,246,0.789,60,240,300,279,97,30,178,151,1169,1076,1.57,0.55,19.0,75,190.0,77.25,0,1272870,38661750,7520040.0,15.833082015060812,19.926136363636363,1.0227272727272727,4.090909090909091,4.755681818181818,1.6534090909090908,0.5113636363636364,3.0340909090909087,17.147727272727273,5.215909090909092,4.193181818181818,2.5738636363636367,25.75609756097561
Jaime Jaquez Jr.,MIA,75,2121,464,915,0.507,58,183,0.317,166,216,0.769,96,279,375,352,51,21,152,137,1152,1298,2.32,0.34,25.0,78,225.0,81.5,2,2296274,38661750,3861600.0,15.16659216332842,19.553041018387553,1.6294200848656295,4.735502121640735,5.974540311173975,0.8656294200848657,0.3564356435643564,2.5799151343705797,15.530410183875532,3.106082036775106,3.666195190947666,2.3253182461103252,28.28
Immanuel Quickley,TOR,70,2231,401,905,0.443,178,476,0.374,170,207,0.821,38,244,282,415,92,5,102,141,1150,1301,4.07,0.9,26.0,74,190.0,80.25,5,2667944,38661750,32500000.0,17.296750647299966,18.556701030927833,0.6131779471089198,3.9372478709099057,6.696548632900045,1.4845360824742269,0.08068130883012102,1.6458987001344687,14.603316898251906,7.680860600627521,3.3402061855670104,2.2752129090094124,31.87142857142857
Stephen Curry,GSW,43,1329,374,799,0.468,190,484,0.393,204,221,0.923,17,137,154,203,49,17,121,75,1142,1002,1.68,0.41,38.0,74,185.0,75.5,16,3634153,54126450,59606817.0,17.90328050468941,30.93453724604966,0.46049661399548536,3.7110609480812644,5.498871331828442,1.327313769751693,0.46049661399548536,3.2776523702031604,21.643340857787813,13.110609480812641,5.986455981941309,2.0316027088036117,30.906976744186046
Brandin Podziemski,GSW,82,2333,394,866,0.455,153,412,0.371,192,241,0.797,72,347,419,304,88,15,131,136,1133,1307,2.32,0.67,23.0,76,205.0,77.5,2,2296274,38661750,3687960.0,15.12058401761282,17.483069009858553,1.111015859408487,5.354479211315902,4.6909558508358336,1.357908272610373,0.23146163737676811,2.0214316330904416,13.363051864552078,6.357479639948564,3.7188169738534076,2.098585512216031,28.451219512195124
Stephon Castle,SAS,68,2038,385,817,0.471,81,244,0.332,282,384,0.734,98,264,362,502,78,19,217,222,1133,1343,2.31,0.36,21.0,78,215.0,81.0,1,2048494,38661750,9560520.0,16.073152676853763,20.013738959764474,1.731108930323847,4.663395485770363,8.867517173699706,1.3778213935230619,0.3356231599607459,3.833169774288518,14.43179587831207,4.310107948969578,6.783120706575073,3.9214916584887143,29.970588235294116
Dillon Brooks,PHX,56,1702,417,959,0.435,127,369,0.344,170,202,0.842,43,160,203,99,57,9,98,183,1131,827,1.01,0.58,30.0,79,225.0,78.0,8,3287409,46394100,21124110.0,16.865925600142496,23.92244418331375,0.90951821386604,3.3842538190364277,2.0940070505287895,1.2056404230317272,0.19036427732079908,2.072855464159812,20.284371327849588,7.804935370152761,4.27262044653349,3.870740305522914,30.392857142857142
Naji Marshall,DAL,74,2184,419,821,0.51,62,213,0.291,228,300,0.76,65,283,348,241,82,6,119,143,1128,1212,2.03,0.69,28.0,78,220.0,84.75,5,2667944,38661750,9000000.0,16.012735135300492,18.593406593406595,1.0714285714285714,4.664835164835165,3.9725274725274726,1.3516483516483515,0.09890109890109891,1.9615384615384617,13.532967032967033,3.510989010989011,4.945054945054945,2.357142857142857,29.513513513513512
Lauri Markkanen,UTA,42,1443,384,805,0.477,115,324,0.355,240,268,0.896,84,205,289,89,42,21,63,77,1123,1052,1.41,0.67,29.0,85,240.0,88.9085045539202,8,3287409,46394100,46394100.0,17.652682853939165,28.016632016632016,2.0956340956340958,5.114345114345114,2.2203742203742203,1.0478170478170479,0.5239085239085239,1.5717255717255718,20.083160083160084,8.083160083160084,6.686070686070686,1.9209979209979209,34.357142857142854
Onyeka Okongwu,ATL,74,2297,413,860,0.48,144,383,0.376,153,202,0.757,140,422,562,231,82,79,127,243,1123,1454,1.82,0.65,25.0,82,240.0,85.95616959914507,5,2667944,38661750,15000000.0,16.523560759066484,17.600348280365694,2.194166303874619,6.613844144536351,3.6203744013931214,1.285154549412277,1.238136700043535,1.9904222899434045,13.478450152372659,6.002612102742708,3.1658685241619504,3.808445798868089,31.04054054054054
OG Anunoby,NYK,67,2224,389,804,0.484,157,407,0.386,183,221,0.828,85,266,351,145,104,48,123,164,1118,1190,1.18,0.85,28.0,79,240.0,86.25,8,3287409,46394100,39568966.0,17.493555682112937,18.097122302158272,1.3758992805755395,4.305755395683454,2.347122302158273,1.683453237410072,0.7769784172661871,1.9910071942446044,13.014388489208631,6.588129496402877,3.577338129496403,2.6546762589928057,33.19402985074627
Brice Sensabaugh,UTA,75,1762,394,857,0.46,162,442,0.367,166,201,0.826,56,175,231,143,54,12,124,143,1116,934,1.15,0.44,22.0,78,235.0,82.01972299277821,2,2296274,38661750,2693760.0,14.806448545124288,22.801362088535758,1.1441543700340522,3.575482406356413,2.9216799091940975,1.1032917139614073,0.24517593643586832,2.5334846765039725,17.509648127128262,9.030646992054484,4.1066969353007945,2.9216799091940975,23.493333333333332
Reed Sheppard,HOU,82,2147,407,946,0.43,227,576,0.394,69,86,0.802,28,210,238,277,122,54,123,166,1110,1122,2.25,0.99,21.0,74,185.0,75.25,1,2048494,38661750,10603560.0,16.176700351754228,18.612016767582674,0.46949231485794135,3.5211923614345597,4.644620400558919,2.0456450861667443,0.9054494643688868,2.062412668840242,15.862133209129018,9.658127619934792,1.4420121099208199,2.783418723800652,26.182926829268293
Toumani Camara,POR,82,2731,392,891,0.44,219,592,0.37,97,137,0.708,129,292,421,201,94,35,144,237,1100,1168,1.4,0.65,26.0,79,230.0,84.5,2,2296274,38661750,2221677.0,14.61377287407881,14.500183083119737,1.7004760161113146,3.849139509337239,2.6495789088246062,1.2391065543756865,0.461369461735628,1.8982057854265837,11.745148297326987,7.803734895642622,1.8059318930794581,3.124130355181252,33.30487804878049
RJ Barrett,TOR,57,1726,401,816,0.491,96,283,0.339,200,279,0.717,55,245,300,189,42,19,99,147,1098,1055,1.91,0.42,25.0,78,214.0,82.01972299277821,6,2874436,38661750,27705357.0,17.13713634596126,22.901506373117034,1.1471610660486673,5.110081112398609,3.9420625724217846,0.8760139049826188,0.3962920046349942,2.064889918887601,17.019698725376593,5.902665121668598,5.819235225955968,3.0660486674391656,30.280701754385966
Jaden McDaniels,MIN,73,2316,417,809,0.515,103,250,0.412,147,176,0.835,76,234,310,199,81,73,131,244,1084,1195,1.52,0.62,25.0,81,185.0,84.97205794755335,5,2667944,38661750,24393104.0,17.009811027367217,16.849740932642487,1.1813471502590676,3.6373056994818653,3.0932642487046635,1.2590673575129534,1.1347150259067358,2.0362694300518136,12.575129533678757,3.8860103626943006,2.7357512953367875,3.7927461139896375,31.726027397260275
Keldon Johnson,SAS,82,1911,414,797,0.519,99,273,0.363,154,194,0.794,137,303,440,111,46,11,70,162,1081,1196,1.59,0.66,26.0,78,220.0,81.25,6,2874436,38661750,17500000.0,16.67771143889374,20.364207221350078,2.580847723704866,5.708006279434851,2.0910518053375196,0.8665620094191523,0.20722135007849293,1.3186813186813187,15.014128728414443,5.142857142857142,3.6546310832025117,3.0518053375196232,23.304878048780488
Tim Hardaway Jr.,DEN,80,2127,348,779,0.447,224,550,0.407,159,196,0.811,17,189,206,108,42,10,43,100,1079,934,2.51,0.98,34.0,77,205.0,79.0,12,3634153,54126450,2296274.0,14.646798367280478,18.262341325811,0.28772919605077574,3.1988716502115655,1.8279266572637516,0.7108603667136812,0.1692524682651622,0.7277856135401974,13.184767277856135,9.30888575458392,3.317348377997179,1.692524682651622,26.5875
Jerami Grant,POR,57,1695,331,730,0.453,136,350,0.389,262,322,0.814,55,143,198,122,42,36,119,142,1060,880,1.03,0.35,32.0,79,213.0,86.75,11,3634153,54126450,32000001.0,17.281246492014,22.51327433628319,1.168141592920354,3.0371681415929204,2.591150442477876,0.8920353982300885,0.7646017699115044,2.527433628318584,15.504424778761063,7.433628318584071,6.838938053097345,3.015929203539823,29.736842105263158
Collin Sexton,CHI,68,1613,360,742,0.485,112,279,0.401,218,255,0.855,41,114,155,223,76,10,141,144,1050,954,1.58,0.54,27.0,75,190.0,79.25,7,3080921,46394100,18975000.0,16.75863288124597,23.43459392436454,0.9150650960942344,2.5443273403595783,4.977061376317421,1.6962182269063857,0.2231866088034718,3.146931184128952,16.56044637321761,6.2269063856168625,5.69125852448853,3.2138871667699935,23.720588235294116
Naz Reid,MIN,77,2007,397,871,0.456,162,448,0.362,90,123,0.732,90,387,477,170,76,78,126,195,1046,1214,1.35,0.6,26.0,81,264.0,87.25,6,2874436,38661750,21551724.0,16.8859663713142,18.76233183856502,1.6143497757847534,6.941704035874439,3.0493273542600896,1.3632286995515694,1.3991031390134527,2.2600896860986546,15.623318385650224,8.035874439461884,2.2062780269058297,3.497757847533632,26.064935064935064
Andrew Wiggins,MIA,68,2063,390,821,0.475,138,333,0.414,127,162,0.784,115,214,329,182,76,69,103,156,1045,1132,1.77,0.74,31.0,78,197.0,82.01972299277821,11,3634153,54126450,28223215.0,17.155655424193245,18.2355792535143,2.0067862336403297,3.734367426078526,3.1759573436742605,1.3262239457101308,1.2040717401841976,1.79738245273873,14.32670867668444,5.810954920019389,2.826951042171595,2.7222491517207947,30.33823529411765
Shaedon Sharpe,POR,50,1471,392,868,0.452,103,306,0.337,155,197,0.787,51,166,217,132,70,6,147,98,1042,802,0.9,0.48,23.0,77,210.0,83.5,3,2378870,38661750,8399983.0,15.94374024000197,25.501019714479945,1.2481305234534332,4.062542488103331,3.2304554724677095,1.7131203263086336,0.1468388851121686,3.5975526852481305,21.242692046227056,7.4887831407205985,4.821210061182869,2.398368456832087,29.42
Ayo Dosunmu,MIN,69,1881,386,747,0.517,123,280,0.439,127,145,0.876,47,190,237,249,58,18,96,130,1022,1109,2.59,0.6,26.0,76,201.0,82.25,4,2461463,38661750,7518518.0,15.832879602036211,19.559808612440193,0.8995215311004784,3.6363636363636362,4.765550239234449,1.1100478468899522,0.34449760765550236,1.8373205741626795,14.29665071770335,5.358851674641149,2.77511961722488,2.4880382775119614,27.26086956521739
Joel Embiid,PHI,38,1201,341,697,0.489,53,159,0.333,286,335,0.854,75,218,293,150,21,46,109,82,1021,1017,1.38,0.19,32.0,84,270.0,87.92439290232849,11,3634153,54126450,55224526.0,17.826917724164357,30.604496253122395,2.2481265611990007,6.534554537885096,4.496253122398001,0.6294754371357203,1.3788509575353871,3.267277268942548,20.892589508742713,4.766028309741881,10.041631973355535,2.4579517069109076,31.605263157894736
Collin Gillespie,PHX,80,2282,352,842,0.418,232,578,0.401,76,87,0.874,89,238,327,371,99,16,125,130,1012,1199,2.97,0.79,26.0,73,195.0,76.0,3,2378870,38661750,2296274.0,14.646798367280478,15.964943032427694,1.404031551270815,3.7546012269938647,5.852760736196319,1.5617879053461876,0.252410166520596,1.971954425942156,13.283085013146364,9.11831726555653,1.3724802804557406,2.0508326029798423,28.525
Quentin Grimes,PHI,75,2206,340,755,0.45,127,380,0.334,199,237,0.84,46,227,273,244,64,28,133,155,1006,1029,1.84,0.48,26.0,77,207.0,79.75,4,2461463,38661750,8741209.0,15.983559067584522,16.41704442429737,0.7506799637352675,3.7044424297370804,3.9818676337262016,1.0444242973708069,0.45693563009972804,2.170444242973708,12.320942883046238,6.201269265639166,3.8676337262012694,2.5294650951949227,29.413333333333334
Donte DiVincenzo,MIN,82,2494,339,835,0.406,244,644,0.379,78,105,0.743,67,269,336,313,104,34,118,197,1000,1146,2.65,0.88,29.0,76,203.0,78.0,7,3080921,46394100,11990000.0,16.299583527003698,14.434643143544507,0.967121090617482,3.8829190056134726,4.5180433039294305,1.5012028869286287,0.4907778668805132,1.7032878909382518,12.052927024859663,9.295910184442663,1.5156375300721732,2.843624699278268,30.414634146341463
Ace Bailey,UTA,72,1988,395,892,0.443,137,398,0.344,66,88,0.75,104,198,302,131,60,49,107,193,993,909,1.22,0.56,19.0,81,200.0,84.5,0,1272870,38661750,9069840.0,16.020465181362404,17.98189134808853,1.8832997987927567,3.585513078470825,2.3722334004024144,1.0865191146881288,0.8873239436619718,1.937625754527163,16.15291750503018,7.207243460764587,1.5935613682092555,3.494969818913481,27.61111111111111
Giannis Antetokounmpo,MIL,36,1039,373,598,0.624,15,45,0.333,232,357,0.65,98,254,352,196,34,24,115,86,993,1134,1.7,0.3,31.0,83,243.0,86.94028125073677,12,3634153,54126450,54126450.0,17.806833533766422,34.40615976900867,3.395572666025024,8.800769971126083,6.791145332050048,1.178055822906641,0.8315688161693936,3.9846005774783446,20.71992300288739,1.5591915303176132,12.369586140519731,2.9797882579403274,28.86111111111111
Russell Westbrook,SAC,64,1853,358,839,0.427,128,379,0.338,127,183,0.694,80,268,348,426,83,12,209,147,971,1094,2.04,0.4,37.0,76,200.0,79.75,17,3634153,54126450,2296274.0,14.646798367280478,18.864543982730705,1.5542363734484619,5.206691851052348,8.27630868861306,1.6125202374527794,0.2331354560172693,4.060442525634107,16.300053966540744,7.363194819212088,3.5553157042633567,2.855909336211549,28.953125
Andrew Nembhard,IND,57,1786,333,753,0.442,107,296,0.361,193,234,0.825,25,135,160,437,51,8,137,126,966,1024,3.19,0.37,26.0,76,191.0,77.75,3,2378870,38661750,18102000.0,16.711532987369253,19.471444568868982,0.503919372900336,2.721164613661814,8.808510638297872,1.0279955207166853,0.1612541993281075,2.761478163493841,15.178051511758119,5.966405375139978,4.716685330347144,2.539753639417693,31.333333333333332
Nikola Vučević,BOS,64,1818,394,799,0.493,100,271,0.369,77,93,0.828,125,412,537,213,39,41,85,127,965,1289,2.51,0.46,35.0,81,265.0,88.5,14,3634153,54126450,21481481.0,16.882701773086616,19.10891089108911,2.4752475247524752,8.158415841584159,4.217821782178218,0.7722772277227723,0.8118811881188119,1.683168316831683,15.821782178217823,5.366336633663367,1.8415841584158417,2.5148514851485144,28.40625
Anthony Black,ORL,64,1910,345,772,0.447,100,300,0.333,169,231,0.732,47,197,244,236,91,45,132,170,959,954,1.79,0.69,22.0,79,200.0,79.5,2,2296274,38661750,7970280.0,15.891230181893333,18.07539267015707,0.8858638743455497,3.7130890052356023,4.448167539267016,1.7151832460732983,0.8481675392670157,2.487958115183246,14.550785340314135,5.654450261780105,4.35392670157068,3.2041884816753927,29.84375
Bennedict Mathurin,LAC,54,1620,291,677,0.43,75,238,0.315,292,336,0.869,55,238,293,129,43,13,118,137,949,879,1.09,0.36,23.0,77,210.0,81.0,3,2378870,38661750,9187573.0,16.033362368049893,21.08888888888889,1.222222222222222,5.28888888888889,2.8666666666666667,0.9555555555555556,0.2888888888888889,2.6222222222222222,15.044444444444444,5.28888888888889,7.466666666666667,3.0444444444444447,30.0
Derik Queen,NOP,81,2023,354,748,0.473,23,88,0.261,217,273,0.795,136,436,572,298,84,74,190,215,948,1336,1.57,0.44,21.0,81,250.0,84.5,0,1272870,38661750,5157960.0,15.45605171044958,16.869995056846268,2.4201680672268906,7.7587740978744435,5.303015323776569,1.4948096885813147,1.3168561542263963,3.38111715274345,13.3109243697479,1.5659911023232822,4.858131487889274,3.8260009886307462,24.97530864197531
Max Christie,DAL,77,2245,320,725,0.441,180,446,0.404,125,139,0.899,15,234,249,151,47,27,96,98,945,904,1.57,0.49,23.0,77,190.0,80.75,3,2378870,38661750,7714286.0,15.858584492510271,15.153674832962139,0.24053452115812918,3.7523385300668153,2.421380846325167,0.7536748329621381,0.4329621380846325,1.5394209354120267,11.625835189309576,7.151893095768375,2.228953229398664,1.5714922048997775,29.155844155844157
Duncan Robinson,DET,77,2113,318,698,0.456,220,536,0.41,83,110,0.755,29,176,205,159,44,22,54,168,939,908,2.94,0.82,32.0,79,215.0,83.00383464436993,7,3080921,46394100,16834692.0,16.638952315191656,15.99810695693327,0.4940842404164695,2.9985802176999528,2.708944628490298,0.7496450544249882,0.3748225272124941,0.9200189304306673,11.892096545196402,9.132039753904401,1.8741126360624702,2.8622811168954096,27.441558441558442
John Collins,LAC,69,1871,364,659,0.552,89,219,0.406,118,154,0.766,110,257,367,70,60,51,95,187,935,1057,0.74,0.63,28.0,81,226.0,83.25,8,3287409,46394100,26580000.0,17.095669611249374,17.990379476215928,2.1165152324959915,4.944949225013361,1.3468733297701763,1.1544628540887225,0.9812934259754142,1.827899518973811,12.679850347407804,4.213789417423838,2.963121325494388,3.5980758952431855,27.115942028985508
Donovan Clingan,POR,77,2094,356,684,0.52,84,246,0.341,138,203,0.68,347,545,892,162,44,130,95,182,934,1674,1.71,0.46,22.0,86,280.0,90.75,1,2048494,38661750,7178400.0,15.786587074965984,16.05730659025788,5.965616045845272,9.369627507163324,2.785100286532951,0.7564469914040114,2.2349570200573066,1.6332378223495703,11.759312320916905,4.229226361031519,3.4899713467048707,3.128939828080229,27.194805194805195
Devin Vassell,SAS,67,2044,330,755,0.437,166,432,0.384,106,130,0.815,39,230,269,167,57,25,60,106,932,941,2.78,0.95,25.0,77,200.0,81.03561134118651,5,2667944,38661750,27000000.0,17.111347423968603,16.41487279843444,0.6868884540117417,4.050880626223091,2.9412915851272015,1.0039138943248531,0.44031311154598823,1.0567514677103718,13.297455968688846,7.608610567514677,2.2896281800391387,1.86692759295499,30.507462686567163
Jaren Jackson Jr.,UTA,48,1455,342,719,0.476,84,235,0.357,163,203,0.803,42,230,272,94,53,69,107,179,931,895,0.88,0.5,26.0,82,242.0,89.25,7,3080921,46394100,35000000.0,17.37085861945369,23.03505154639175,1.0391752577319588,5.690721649484535,2.325773195876289,1.311340206185567,1.7072164948453608,2.647422680412371,17.789690721649485,5.814432989690722,5.022680412371134,4.428865979381443,30.3125
Maxime Raynaud,SAC,74,1964,383,671,0.571,24,74,0.324,132,168,0.786,142,414,556,100,38,39,94,170,922,1237,1.06,0.4,23.0,85,250.0,85.25,0,1272870,38661750,1272870.0,14.056784751350763,16.90020366598778,2.6028513238289204,7.588594704684318,1.8329938900203668,0.6965376782077393,0.714867617107943,1.7230142566191444,12.29938900203666,1.3564154786150713,3.079429735234216,3.116089613034623,26.54054054054054
Wendell Carter Jr.,ORL,78,2288,326,637,0.512,72,226,0.319,198,250,0.792,162,415,577,154,60,49,100,267,922,1299,1.54,0.6,27.0,82,270.0,88.5,7,3080921,46394100,10850000.0,16.199675637950744,14.506993006993007,2.548951048951049,6.52972027972028,2.423076923076923,0.9440559440559441,0.7709790209790209,1.5734265734265733,10.022727272727272,3.555944055944056,3.9335664335664338,4.201048951048951,29.333333333333332
Josh Giddey,CHI,54,1731,321,717,0.448,103,283,0.364,174,228,0.763,67,381,448,494,55,27,196,90,919,1297,2.52,0.28,23.0,79,214.0,83.00383464436993,4,2461463,38661750,25000000.0,17.034386382832476,19.11265164644714,1.3934142114384747,7.923743500866551,10.273830155979203,1.1438474870017332,0.561525129982669,4.076256499133449,14.911611785095321,5.885615251299827,4.7417677642980935,1.8717504332755632,32.05555555555556
Bobby Portis,MIL,67,1619,366,750,0.488,135,296,0.456,48,68,0.706,89,339,428,105,41,12,66,110,915,1031,1.59,0.62,31.0,81,250.0,86.0,10,3634153,54126450,13445754.0,16.41417392643992,20.345892526250772,1.9789993823347745,7.53798641136504,2.3347745521927115,0.9116738727609636,0.26683137739345275,1.4675725756639901,16.676961087090795,6.5818406423718345,1.5120444718962323,2.445954292773317,24.16417910447761
Tre Jones,CHI,65,1752,341,617,0.553,41,130,0.315,191,227,0.841,38,166,204,350,76,11,92,94,914,1151,3.8,0.83,26.0,73,190.0,77.09916473481965,5,2667944,38661750,8000000.0,15.89495209964411,18.78082191780822,0.7808219178082192,3.410958904109589,7.191780821917808,1.5616438356164384,0.22602739726027396,1.8904109589041096,12.678082191780822,2.671232876712329,4.664383561643835,1.9315068493150684,26.953846153846154
Julian Champagnie,SAS,82,2266,301,689,0.437,195,512,0.381,114,135,0.844,74,399,473,127,62,38,69,131,911,1133,1.84,0.9,24.0,79,217.0,82.0,3,2378870,38661750,3000000.0,14.914122846632385,14.473080317740513,1.175639894086496,6.33892321270962,2.0176522506619596,0.9849955869373346,0.6037069726390114,1.0962047661076788,10.946160635481023,8.134157105030893,2.144748455428067,2.081200353045013,27.634146341463413
Dyson Daniels,ATL,76,2520,402,777,0.517,22,117,0.188,75,122,0.615,184,336,520,449,149,31,135,166,901,1493,3.33,1.1,23.0,79,199.0,82.5,3,2378870,38661750,7707709.0,15.85773155481982,12.871428571428572,2.6285714285714286,4.8,6.414285714285715,2.1285714285714286,0.44285714285714284,1.9285714285714284,11.100000000000001,1.6714285714285715,1.7428571428571429,2.3714285714285714,33.1578947368421
Deandre Ayton,LAL,72,1958,403,601,0.671,0,0,0.0,91,141,0.645,185,390,575,59,41,70,83,157,897,1311,0.71,0.49,27.0,84,252.0,87.92439290232849,7,3080921,46394100,33654814.0,17.33166666474402,16.492339121552604,3.401430030643514,7.1705822267620025,1.0847803881511746,0.7538304392236976,1.2870275791624106,1.526046986721144,11.050051072522983,0.0,2.5924412665985703,2.8866189989785496,27.194444444444443
Kyle Kuzma,MIL,69,1806,339,689,0.492,83,239,0.347,135,186,0.726,57,256,313,184,46,28,119,134,896,947,1.55,0.39,30.0,80,221.0,84.25,8,3287409,46394100,22410605.0,16.925044842289093,17.86046511627907,1.1362126245847175,5.102990033222591,3.6677740863787376,0.9169435215946844,0.5581395348837209,2.372093023255814,13.73421926910299,4.764119601328904,3.707641196013289,2.6710963455149503,26.17391304347826
Sandro Mamukelashvili,TOR,80,1751,330,631,0.523,115,296,0.389,118,158,0.747,108,287,395,151,64,41,67,147,893,1136,2.25,0.96,27.0,81,240.0,85.25,4,2461463,38661750,2461463.0,14.716266446582551,18.359794403198173,2.220445459737293,5.900628212450028,3.1045117075956594,1.3158195316961736,0.8429468874928612,1.3774985722444317,12.97315819531696,6.085665334094803,3.248429468874929,3.0222729868646487,21.8875
Jarace Walker,IND,76,1953,307,733,0.419,133,356,0.374,137,183,0.749,49,342,391,192,63,26,139,124,884,945,1.38,0.45,22.0,79,235.0,86.5,2,2296274,38661750,6665520.0,15.71245852805646,16.294930875576036,0.903225806451613,6.304147465437787,3.539170506912442,1.161290322580645,0.4792626728110599,2.5622119815668203,13.511520737327189,6.56221198156682,3.3732718894009217,2.2857142857142856,25.69736842105263
Kyle Filipowski,UTA,77,1801,323,657,0.492,74,228,0.325,159,212,0.75,144,408,552,198,73,39,125,232,879,1229,1.58,0.58,22.0,83,250.0,82.5,1,2048494,38661750,3000000.0,14.914122846632385,17.570238756246532,2.878400888395336,8.155469183786785,3.957801221543587,1.459189339255969,0.7795669072737369,2.4986118822876175,13.132704053303721,4.557468073292615,4.2376457523598,4.637423653525818,23.38961038961039
Bub Carrington,WAS,82,2271,314,741,0.424,169,414,0.408,81,111,0.73,33,243,276,381,52,17,191,184,878,956,2.0,0.27,20.0,76,190.0,80.0,1,2048494,38661750,4677600.0,15.358295715843598,13.918097754293262,0.523117569352708,3.852047556142668,6.039630118890357,0.8243064729194188,0.26948480845442535,3.02774108322325,11.746367239101716,6.562747688243064,1.7595772787318362,2.916776750330251,27.695121951219512
Jaylon Tyson,CLE,66,1778,330,670,0.493,133,298,0.446,79,107,0.738,118,220,338,147,54,28,99,164,872,972,1.49,0.55,23.0,78,215.0,80.0,1,2048494,38661750,3492480.0,15.06612264353995,17.655793025871766,2.389201349831271,4.454443194600675,2.9763779527559056,1.093363329583802,0.5669291338582677,2.004499437570304,13.565804274465691,6.033745781777278,2.1664791901012372,3.3205849268841394,26.939393939393938
Coby White,CHA,50,1250,278,623,0.446,115,318,0.362,197,241,0.817,17,153,170,200,25,5,128,111,868,751,1.56,0.2,26.0,76,210.0,77.0,6,2874436,38661750,12888889.0,16.37187618035511,24.9984,0.4896,4.4064,5.76,0.72,0.14400000000000002,3.6864000000000003,17.9424,9.1584,6.9408,3.1968,25.0
Jaylen Wells,MEM,69,1821,301,698,0.431,129,365,0.353,134,171,0.784,61,159,220,111,61,9,74,148,865,758,1.5,0.82,22.0,79,206.0,79.25,1,2048494,38661750,1955377.0,14.486093571685258,17.100494233937397,1.2059308072487644,3.1433278418451405,2.1943986820428334,1.2059308072487644,0.17792421746293244,1.4629324546952225,13.799011532125204,7.215815485996705,3.3805601317957166,2.925864909390445,26.391304347826086
Jrue Holiday,POR,53,1560,320,709,0.451,137,362,0.378,88,105,0.838,71,174,245,322,54,6,146,78,865,940,2.21,0.37,35.0,76,220.0,79.0,16,3634153,54126450,32400000.0,17.293668980762558,19.961538461538463,1.6384615384615384,4.015384615384615,7.43076923076923,1.2461538461538462,0.13846153846153847,3.3692307692307693,16.361538461538462,8.353846153846154,2.423076923076923,1.8,29.433962264150942
Jarrett Allen,CLE,56,1519,337,528,0.638,1,10,0.1,185,261,0.709,144,332,476,100,55,47,75,95,860,1196,1.33,0.73,28.0,81,243.0,89.25,8,3287409,46394100,20000000.0,16.811242831518264,20.381830151415404,3.4127715602369983,7.868334430546412,2.3699802501645824,1.3034891375905202,1.1138907175773536,1.7774851876234365,12.513495720868992,0.2369980250164582,6.185648452929559,2.2514812376563533,27.125
Brandon Williams,DAL,66,1463,291,617,0.472,36,155,0.232,241,304,0.793,30,161,191,256,62,20,125,103,859,874,2.05,0.5,26.0,73,190.0,77.09916473481965,4,2461463,38661750,2270735.0,14.635614125595644,21.137388926862613,0.7382091592617909,3.9617224880382778,6.299384825700615,1.525632262474368,0.49213943950786054,3.0758714969241283,15.1825017088175,3.8140806561859195,7.480519480519481,2.5345181134654817,22.166666666666668
Kel'el Ware,MIA,77,1704,344,649,0.53,92,233,0.395,71,96,0.74,217,477,694,56,59,84,62,119,851,1352,0.9,0.95,22.0,84,230.0,88.5,1,2048494,38661750,4443360.0,15.306921404969149,17.97887323943662,4.584507042253521,10.077464788732396,1.183098591549296,1.2464788732394365,1.7746478873239435,1.3098591549295775,13.711267605633802,4.922535211267606,2.028169014084507,2.5140845070422535,22.12987012987013
Myles Turner,MIL,71,1912,284,646,0.44,147,384,0.383,131,177,0.74,75,303,378,103,50,115,83,185,846,1001,1.24,0.6,30.0,83,250.0,88.0,10,3634153,54126450,25318251.0,17.04703607702502,15.92887029288703,1.4121338912133892,5.7050209205020925,1.9393305439330544,0.9414225941422594,2.1652719665271967,1.5627615062761506,12.163179916317992,7.2301255230125525,3.3326359832635983,3.4832635983263596,26.929577464788732
Darius Garland,LAC,45,1344,309,672,0.46,122,308,0.396,105,122,0.861,18,89,107,301,43,8,130,84,845,794,2.32,0.33,26.0,73,192.0,77.09916473481965,6,2874436,38661750,39446090.0,17.490445487543145,22.633928571428573,0.4821428571428571,2.3839285714285716,8.0625,1.1517857142857142,0.21428571428571427,3.482142857142857,18.0,8.25,3.267857142857143,2.25,29.866666666666667
Cedric Coward,MEM,62,1598,305,648,0.471,93,275,0.338,140,166,0.843,83,281,364,171,40,27,105,126,843,971,1.63,0.38,22.0,77,206.0,86.25,0,1272870,38661750,5715120.0,15.558625852365934,18.991239048811014,1.869837296620776,6.330413016270337,3.8523153942428032,0.9011264080100125,0.6082603254067585,2.3654568210262825,14.598247809762203,6.195244055068836,3.739674593241552,2.8385481852315393,25.774193548387096
Grayson Allen,PHX,51,1467,269,667,0.403,159,455,0.349,144,168,0.857,37,118,155,195,69,13,83,117,841,768,2.35,0.83,30.0,75,198.0,79.25,7,3080921,46394100,16875000.0,16.641343794722868,20.63803680981595,0.9079754601226994,2.895705521472393,4.785276073619632,1.6932515337423313,0.3190184049079755,2.03680981595092,16.368098159509202,11.16564417177914,4.122699386503068,2.871165644171779,28.764705882352942
Tobias Harris,DET,63,1746,309,659,0.469,82,223,0.368,136,157,0.866,55,268,323,157,58,26,63,107,836,966,2.49,0.92,33.0,80,226.0,83.0,14,3634153,54126450,26634146.0,17.097704634744304,17.237113402061855,1.134020618556701,5.525773195876289,3.2371134020618557,1.1958762886597938,0.5360824742268041,1.2989690721649483,13.587628865979381,4.597938144329897,3.2371134020618557,2.206185567010309,27.714285714285715
Rudy Gobert,MIN,76,2380,335,491,0.682,0,5,0.0,159,302,0.526,299,573,872,128,58,124,106,199,829,1606,1.21,0.55,33.0,85,258.0,92.5,12,3634153,54126450,35000000.0,17.37085861945369,12.539495798319328,4.522689075630252,8.667226890756302,1.9361344537815128,0.8773109243697479,1.8756302521008403,1.6033613445378152,7.42689075630252,0.07563025210084033,4.568067226890756,3.0100840336134453,31.31578947368421
Dylan Harper,SAS,69,1558,331,656,0.505,61,178,0.343,90,119,0.756,54,180,234,266,54,24,99,139,813,938,2.69,0.55,20.0,77,215.0,82.5,0,1272870,38661750,12370320.0,16.330810613072067,18.785622593068034,1.2477535301668805,4.159178433889602,6.146341463414634,1.2477535301668805,0.5545571245186136,2.287548138639281,15.157894736842104,4.112965340179718,2.7496790757381255,3.2118100128369704,22.579710144927535
Klay Thompson,DAL,69,1497,286,728,0.393,202,527,0.383,36,47,0.766,18,125,143,96,33,22,63,70,810,588,1.52,0.52,36.0,77,220.0,81.0,14,3634153,54126450,16666667.0,16.62892129472431,19.478957915831664,0.43286573146292584,3.0060120240480965,2.3086172344689375,0.7935871743486974,0.5290581162324649,1.5150300601202404,17.507014028056112,12.673346693386772,1.1302605210420842,1.6833667334669338,21.695652173913043
Nic Claxton,BKN,69,1920,333,583,0.571,3,19,0.158,141,229,0.616,168,310,478,253,45,77,96,158,810,1229,2.64,0.47,27.0,83,215.0,86.5,6,2874436,38661750,25352272.0,17.04837890923191,15.1875,3.15,5.8125,4.74375,0.84375,1.44375,1.8,10.93125,0.35624999999999996,4.29375,2.9625,27.82608695652174
AJ Green,MIL,78,2270,262,618,0.424,232,554,0.419,53,62,0.855,29,184,213,152,39,8,75,179,809,781,2.03,0.52,26.0,76,190.0,80.05149968959479,3,2378870,38661750,2301587.0,14.649109442958824,12.829955947136565,0.45991189427312773,2.918061674008811,2.4105726872246693,0.6185022026431718,0.12687224669603525,1.1894273127753303,9.800881057268722,8.78590308370044,0.9832599118942731,2.8387665198237886,29.102564102564102
Noah Clowney,BKN,66,1780,250,631,0.396,129,392,0.329,180,224,0.804,52,221,273,108,50,45,102,168,809,758,1.06,0.49,21.0,82,210.0,85.95616959914507,2,2296274,38661750,3398640.0,15.03888590956505,16.36179775280899,1.051685393258427,4.4696629213483146,2.1842696629213485,1.0112359550561798,0.9101123595505618,2.0629213483146067,12.761797752808988,7.928089887640449,4.5303370786516854,3.397752808988764,26.96969696969697
Pelle Larsson,MIA,70,1849,277,559,0.496,62,192,0.323,184,231,0.797,69,175,244,236,49,16,101,148,800,915,2.34,0.49,25.0,77,215.0,79.5,1,2048494,38661750,1955377.0,14.486093571685258,15.575987020010816,1.343428880475933,3.407247160627366,4.594916170903191,0.9540292049756626,0.31151974040021635,1.9664683612763656,10.883720930232558,3.738236884802596,4.497566252028124,2.881557598702001,26.414285714285715
Cam Spencer,MEM,72,1714,263,556,0.473,146,325,0.449,126,134,0.94,40,143,183,400,52,11,93,103,798,1050,4.3,0.56,26.0,75,205.0,77.0,1,2048494,38661750,2537989.0,14.746882593125722,16.760793465577596,0.8401400233372228,3.0035005834305717,8.401400233372229,1.0921820303383898,0.23103850641773627,1.9533255542590433,11.677946324387397,6.826137689614936,2.814469078179697,2.163360560093349,23.805555555555557
P.J. Washington,DAL,56,1736,296,658,0.45,76,234,0.325,125,182,0.687,84,310,394,98,55,60,94,119,793,887,1.04,0.59,27.0,79,230.0,86.5,6,2874436,38661750,14152174.0,16.46537880982814,16.444700460829495,1.7419354838709677,6.428571428571429,2.032258064516129,1.140552995391705,1.2442396313364057,1.9493087557603688,13.64516129032258,4.852534562211981,3.774193548387097,2.467741935483871,31.0
Josh Hart,NYK,66,1994,301,592,0.508,100,242,0.413,90,125,0.72,93,393,486,317,75,17,128,165,792,1233,2.48,0.59,31.0,77,215.0,80.25,8,3287409,46394100,19472240.0,16.78450041952379,14.29889669007021,1.6790371113340021,7.095285857572717,5.723169508525577,1.3540621865596791,0.30692076228686055,2.3109327983951857,10.688064192577732,4.369107321965898,2.2567703109327986,2.978936810431294,30.21212121212121
Peyton Watson,DEN,54,1598,285,581,0.491,81,197,0.411,138,189,0.73,49,215,264,111,50,61,93,136,789,835,1.19,0.54,23.0,80,200.0,84.5,3,2378870,38661750,4356476.0,15.287174031628778,17.774718397997496,1.1038798498122653,4.843554443053817,2.5006257822277846,1.1264080100125158,1.374217772215269,2.095118898623279,13.088861076345431,4.438047559449312,4.257822277847309,3.0638297872340425,29.59259259259259
Jalen Suggs,ORL,57,1574,282,649,0.435,122,360,0.339,100,117,0.855,36,184,220,312,105,40,152,145,786,927,2.05,0.69,24.0,77,205.0,81.03561134118651,4,2461463,38661750,35000000.0,17.37085861945369,17.97712833545108,0.8233799237611181,4.208386277001271,7.1359593392630245,2.401524777636595,0.9148665819567979,3.4764930114358323,14.843710292249046,8.233799237611182,2.675984752223634,3.3163913595933927,27.614035087719298
Anfernee Simons,CHI,55,1372,285,648,0.44,146,379,0.385,69,77,0.896,31,104,135,134,27,8,68,94,785,650,1.97,0.4,26.0,75,200.0,81.25,7,3080921,46394100,27678571.0,17.136169061658546,20.597667638483966,0.8134110787172011,2.728862973760933,3.51603498542274,0.7084548104956269,0.2099125364431487,1.784256559766764,17.002915451895046,9.944606413994169,2.020408163265306,2.466472303206997,24.945454545454545
Isaiah Joe,OKC,71,1507,247,543,0.455,181,428,0.423,110,123,0.894,33,148,181,94,50,11,45,121,785,767,2.09,1.11,26.0,76,165.0,79.5,5,2667944,38661750,12362338.0,16.330165150681644,18.752488387524885,0.7883211678832117,3.53550099535501,2.2455209024552087,1.19442601194426,0.26277372262773724,1.0749834107498342,12.971466489714665,10.224286662242866,2.93828798938288,2.8905109489051095,21.225352112676056
Alex Sarr,WAS,48,1305,316,656,0.482,50,150,0.333,101,146,0.692,105,250,355,130,39,95,82,105,783,935,1.59,0.48,21.0,84,205.0,88.25,1,2048494,38661750,11808240.0,16.28430815081909,21.599999999999998,2.896551724137931,6.8965517241379315,3.5862068965517238,1.0758620689655172,2.6206896551724137,2.262068965517241,18.096551724137928,4.137931034482759,4.027586206896552,2.896551724137931,27.1875
Jay Huff,IND,82,1719,291,611,0.476,119,373,0.319,82,99,0.828,73,251,324,121,41,153,76,196,783,1009,1.59,0.54,28.0,85,240.0,88.9085045539202,4,2461463,38661750,2349578.0,14.669746295526831,16.397905759162303,1.5287958115183244,5.256544502617801,2.5340314136125652,0.8586387434554974,3.2041884816753927,1.5916230366492148,12.795811518324607,7.81151832460733,2.0732984293193715,4.104712041884817,20.963414634146343
Rui Hachimura,LAL,68,1927,307,597,0.514,116,262,0.443,50,72,0.694,41,185,226,57,39,21,42,110,780,769,1.36,0.93,28.0,80,230.0,83.98794629596165,6,2874436,38661750,18259259.0,16.72018285180385,14.57187337830825,0.7659574468085106,3.4561494551115723,1.0648676699532953,0.7285936689154126,0.3923196678775298,0.7846393357550596,11.153087701089776,4.894654903995849,1.345096004151531,2.0550077841203946,28.33823529411765
Neemias Queta,BOS,76,1926,326,499,0.653,1,8,0.125,123,175,0.703,230,406,636,126,60,100,75,216,776,1398,1.68,0.8,26.0,84,248.0,88.0,4,2461463,38661750,2349578.0,14.669746295526831,14.504672897196262,4.299065420560748,7.588785046728972,2.3551401869158877,1.1214953271028036,1.8691588785046729,1.4018691588785046,9.327102803738319,0.14953271028037382,3.2710280373831777,4.037383177570093,25.342105263157894
Ajay Mitchell,OKC,57,1473,286,590,0.485,61,176,0.347,141,162,0.87,40,150,190,206,71,18,81,119,774,853,2.54,0.88,23.0,76,190.0,78.25,1,2048494,38661750,3000000.0,14.914122846632385,18.916496945010184,0.9775967413441955,3.6659877800407337,5.034623217922607,1.735234215885947,0.439918533604888,1.9796334012219958,14.419551934826885,4.30142566191446,3.9592668024439917,2.9083503054989817,25.842105263157894
Malik Monk,SAC,62,1364,277,632,0.438,124,314,0.395,94,107,0.879,15,102,117,185,37,24,91,99,772,676,2.03,0.41,28.0,75,200.0,79.06738803800309,8,3287409,46394100,18797619.0,16.749240770843354,20.37536656891496,0.3958944281524927,2.6920821114369504,4.882697947214076,0.9765395894428153,0.6334310850439884,2.4017595307917885,16.680351906158357,8.287390029325513,2.8240469208211145,2.612903225806452,22.0
Harrison Barnes,SAS,77,1986,262,575,0.456,139,358,0.388,102,123,0.829,62,151,213,148,50,12,61,85,765,793,2.43,0.82,34.0,79,225.0,83.25,13,3634153,54126450,19000000.0,16.759949537130716,13.867069486404834,1.1238670694864048,2.737160120845921,2.6827794561933533,0.9063444108761329,0.2175226586102719,1.105740181268882,10.42296072507553,6.4894259818731115,2.229607250755287,1.540785498489426,25.792207792207794
Royce O'Neale,PHX,78,2213,263,625,0.421,212,520,0.408,27,38,0.711,59,313,372,208,84,32,103,177,765,985,2.02,0.82,32.0,78,226.0,82.01972299277821,8,3287409,46394100,10125000.0,16.130518170956876,12.444645277903298,0.9597830998644374,5.091730682331677,3.383642114776322,1.3664708540442838,0.5205603253502034,1.675553547220967,10.167193854496158,8.459105286940805,0.6181653863533665,2.8793492995933123,28.371794871794872
Will Riley,WAS,74,1633,271,618,0.439,78,247,0.316,144,180,0.8,56,156,212,146,54,9,94,91,764,708,1.55,0.57,20.0,81,180.0,80.75,0,1272870,38661750,3512520.0,15.071844286558106,16.842620943049603,1.2345376607470913,3.4390691977954684,3.2186160440906306,1.1904470300061238,0.19840783833435394,2.0722596448254746,13.624004898958972,5.445192896509491,3.968156766687079,2.006123698714023,22.06756756756757
Tristan da Silva,ORL,77,1899,279,620,0.45,120,321,0.374,84,95,0.884,58,226,284,124,68,25,69,117,762,842,1.8,0.99,25.0,80,217.0,82.25,1,2048494,38661750,3809520.0,15.153013754914232,14.445497630331754,1.099526066350711,4.2843601895734595,2.350710900473934,1.2890995260663507,0.47393364928909953,1.3080568720379147,11.753554502369669,6.085308056872037,1.8009478672985781,2.2180094786729856,24.662337662337663
Jimmy Butler III,GSW,38,1182,240,462,0.519,32,85,0.376,248,287,0.864,88,123,211,185,55,8,60,46,760,898,3.08,0.92,36.0,78,230.0,79.5,14,3634153,54126450,54126450.0,17.806833533766422,23.14720812182741,2.6802030456852792,3.7461928934010156,5.634517766497462,1.6751269035532996,0.24365482233502536,1.8274111675126903,14.071065989847716,2.5888324873096447,8.741116751269036,1.401015228426396,31.105263157894736
Dennis Schröder,CLE,70,1696,255,629,0.405,75,228,0.329,171,205,0.834,33,157,190,341,55,11,124,109,756,821,2.75,0.44,32.0,73,175.0,79.75,12,3634153,54126450,14104000.0,16.461969003059842,16.047169811320753,0.7004716981132075,3.332547169811321,7.238207547169811,1.1674528301886793,0.23349056603773585,2.632075471698113,13.351415094339622,4.839622641509434,4.351415094339623,2.3136792452830193,24.228571428571428
Zach LaVine,SAC,39,1224,262,547,0.479,99,254,0.39,125,142,0.88,8,100,108,89,28,10,74,81,748,607,1.2,0.38,31.0,77,200.0,80.25,11,3634153,54126450,47499660.0,17.676233111084514,22.0,0.23529411764705882,2.9411764705882355,2.6176470588235294,0.8235294117647058,0.29411764705882354,2.176470588235294,16.08823529411765,7.470588235294118,4.176470588235294,2.3823529411764706,31.384615384615383
Precious Achiuwa,SAC,73,1745,316,598,0.528,27,97,0.278,77,139,0.554,177,315,492,101,65,50,65,123,736,1035,1.55,1.0,26.0,80,243.0,84.75,5,2667944,38661750,2111516.0,14.56291673087893,15.183954154727795,3.6515759312320917,6.498567335243553,2.083667621776504,1.340974212034384,1.031518624641834,1.340974212034384,12.336962750716333,2.0011461318051573,2.867621776504298,2.5375358166189113,23.904109589041095
Tre Johnson,WAS,60,1443,271,647,0.419,115,321,0.358,76,87,0.874,29,141,170,122,33,18,93,122,733,596,1.31,0.36,20.0,77,190.0,82.25,0,1272870,38661750,8237640.0,15.924224453096128,18.28690228690229,0.7234927234927235,3.517671517671518,3.043659043659044,0.8232848232848233,0.4490644490644491,2.3201663201663205,16.14137214137214,8.008316008316008,2.1704781704781704,3.043659043659044,24.05
Moses Moody,GSW,60,1540,245,557,0.44,151,377,0.401,87,113,0.77,51,149,200,98,58,34,57,122,728,723,1.72,1.02,24.0,77,211.0,84.75,4,2461463,38661750,11574075.0,16.2642782411364,17.01818181818182,1.192207792207792,3.4831168831168835,2.2909090909090906,1.3558441558441559,0.7948051948051948,1.3324675324675324,13.02077922077922,8.812987012987012,2.641558441558441,2.851948051948052,25.666666666666668
Ausar Thompson,DET,73,1896,303,577,0.525,6,24,0.25,109,191,0.571,150,268,418,228,146,69,110,198,721,1116,2.07,1.33,23.0,79,205.0,84.0,2,2296274,38661750,8775000.0,15.987417327316203,13.689873417721518,2.848101265822785,5.0886075949367084,4.329113924050633,2.7721518987341773,1.310126582278481,2.088607594936709,10.955696202531644,0.45569620253164556,3.626582278481013,3.759493670886076,25.972602739726028
Sam Hauser,BOS,78,1934,252,601,0.419,198,504,0.393,17,20,0.85,56,244,300,114,38,23,35,113,719,807,3.26,1.09,28.0,79,217.0,81.25,4,2461463,38661750,10044644.0,16.12255011508547,13.383660806618407,1.0423991726990693,4.541882109617373,2.1220268872802484,0.7073422957600827,0.4281282316442606,0.6514994829369183,11.187176835573942,9.381592554291624,0.37228541882109617,2.1034126163391935,24.794871794871796
Jock Landale,ATL,68,1506,282,548,0.515,74,193,0.383,80,126,0.635,183,204,387,115,35,36,60,150,718,919,1.92,0.58,30.0,83,255.0,86.94028125073677,4,2461463,38661750,2296274.0,14.646798367280478,17.16334661354582,4.374501992031872,4.876494023904382,2.7490039840637452,0.8366533864541833,0.8605577689243028,1.4342629482071714,13.099601593625499,4.613545816733067,3.0119521912350598,3.585657370517928,22.147058823529413
Kyshawn George,WAS,48,1391,253,577,0.438,99,260,0.381,105,131,0.802,43,202,245,214,48,43,125,169,710,785,1.71,0.38,22.0,80,200.0,82.25,1,2048494,38661750,2966760.0,14.90298100621354,18.37526959022286,1.1128684399712436,5.227893601725377,5.538461538461538,1.242271746944644,1.1128684399712436,3.2350826743350107,14.93314162473041,6.728971962616822,3.3903666427030914,4.373831775700935,28.979166666666668
Kelly Oubre Jr.,PHI,50,1574,254,544,0.467,86,239,0.36,111,145,0.766,50,202,252,80,68,24,69,127,705,736,1.16,0.99,30.0,80,210.0,86.25,10,3634153,54126450,8382150.0,15.941615002797368,16.124523506988567,1.1435832274459976,4.620076238881829,1.8297331639135959,1.5552731893265566,0.5489199491740788,1.5781448538754765,12.442185514612452,5.4663278271918685,3.3163913595933927,2.9047013977128335,31.48
Mark Williams,PHX,60,1416,282,438,0.644,1,1,1.0,135,175,0.771,185,292,477,58,55,55,65,132,700,1084,0.89,0.85,24.0,85,240.0,90.5,3,2378870,38661750,6276531.0,15.652327997286596,17.796610169491526,4.703389830508475,7.423728813559322,1.4745762711864405,1.3983050847457628,1.3983050847457628,1.652542372881356,11.135593220338983,0.025423728813559324,4.4491525423728815,3.3559322033898304,23.6
Franz Wagner,ORL,34,1019,244,507,0.481,48,139,0.345,163,198,0.823,43,134,177,113,32,11,58,72,699,676,1.95,0.55,24.0,82,220.0,85.95616959914507,4,2461463,38661750,38661750.0,17.47036129714521,24.694798822374878,1.5191364082433758,4.73405299313052,3.9921491658488715,1.1305201177625122,0.3886162904808636,2.049067713444553,17.911678115799802,4.910696761530913,6.995093228655545,2.5436702649656526,29.970588235294116
Kevin Huerter,DET,69,1549,269,596,0.451,100,325,0.308,55,71,0.775,34,206,240,178,63,33,72,115,693,792,2.47,0.88,27.0,78,190.0,79.5,7,3080921,46394100,17991071.0,16.705386137228622,16.105874757908328,0.7901872175597159,4.78760490639122,4.136862491930278,1.4641704325371205,0.7669464170432536,1.6733376371852808,13.851517107811492,7.553260167850226,1.6500968366688185,2.6726920593931567,22.44927536231884
Isaiah Collier,UTA,59,1517,255,515,0.495,27,100,0.27,151,209,0.722,21,129,150,423,66,20,148,138,688,881,2.86,0.45,21.0,76,210.0,76.75,1,2048494,38661750,2638200.0,14.785607424396956,16.326961107448913,0.4983520105471325,3.0613052076466714,10.038233355306525,1.5662491760052735,0.47462096242584045,3.5121951219512195,12.221489782465394,2.373104812129202,4.959789057350033,3.274884640738299,25.71186440677966
GG Jackson,MEM,55,1178,255,514,0.496,64,193,0.332,112,151,0.742,49,186,235,81,31,44,85,75,686,694,0.95,0.37,21.0,81,210.0,83.5,2,2296274,38661750,2221677.0,14.61377287407881,20.964346349745334,1.497453310696095,5.684210526315789,2.475382003395586,0.9473684210526315,1.3446519524617997,2.597623089983022,15.70797962648557,5.8981324278438025,4.614601018675721,2.2920203735144313,21.418181818181818
Ivica Zubac,IND,48,1447,288,482,0.598,0,0,0.0,101,142,0.711,162,347,509,105,18,40,86,112,677,1028,1.22,0.21,29.0,84,240.0,87.92439290232849,9,3303774,46394100,18893980.0,16.754353910773556,16.843123704215618,4.030407740152039,8.63303386316517,2.6123013130615065,0.44782308223911543,0.9951624049758121,2.1395991706979958,11.991706979958535,0.0,3.532826537664133,2.786454733932274,30.145833333333332
Tyler Herro,MIA,33,1033,247,515,0.48,84,222,0.378,99,108,0.917,14,144,158,136,23,12,64,62,677,665,2.13,0.36,26.0,77,195.0,75.25,6,2874436,38661750,31000000.0,17.24949776244942,23.593417231364956,0.48789932236205225,5.018393030009681,4.739593417231365,0.8015488867376572,0.4181994191674734,2.230396902226525,17.947725072604065,7.736689254598258,3.7637947725072607,2.160696999031946,31.303030303030305
Jake LaRavia,LAL,82,2061,240,523,0.459,78,243,0.321,116,152,0.763,116,210,326,145,104,38,87,196,674,881,1.67,1.2,24.0,79,235.0,81.5,3,2378870,38661750,6000000.0,15.60727002719233,11.77292576419214,2.0262008733624457,3.6681222707423577,2.532751091703057,1.8165938864628821,0.6637554585152838,1.519650655021834,9.135371179039302,4.244541484716157,2.6550218340611353,3.423580786026201,25.134146341463413
Daniss Jenkins,DET,72,1455,232,568,0.408,73,195,0.374,134,161,0.832,51,115,166,278,64,15,115,107,671,716,2.42,0.56,24.0,76,165.0,80.05149968959479,1,2048494,38661750,3809524.0,15.153014804914733,16.602061855670105,1.2618556701030927,2.8453608247422677,6.878350515463917,1.5835051546391754,0.3711340206185567,2.8453608247422677,14.05360824742268,4.824742268041237,3.9835051546391753,2.647422680412371,20.208333333333332
Sam Merrill,CLE,52,1377,223,484,0.461,158,375,0.421,59,69,0.855,28,105,133,125,33,7,42,127,663,648,2.98,0.79,30.0,76,205.0,80.05149968959479,5,2667944,38661750,8482144.0,15.9534738060006,17.333333333333332,0.7320261437908496,2.7450980392156863,3.2679738562091503,0.8627450980392156,0.1830065359477124,1.0980392156862746,12.65359477124183,9.803921568627452,1.803921568627451,3.320261437908497,26.48076923076923
Kevin Porter Jr.,MIL,38,1261,239,514,0.465,46,143,0.322,137,156,0.878,34,164,198,280,83,19,110,88,661,837,2.55,0.76,26.0,77,203.0,81.0,6,2874436,38661750,5134000.0,15.451395640413224,18.870737509912768,0.9706582077716099,4.681998413957177,7.993655828707375,2.3695479777954005,0.542426645519429,3.140364789849326,14.674068199841395,4.082474226804123,4.453608247422681,2.5122918318794607,33.18421052631579
Cameron Johnson,DEN,54,1647,228,475,0.48,110,256,0.43,94,112,0.839,43,163,206,132,40,21,47,125,660,747,2.81,0.85,30.0,80,210.0,82.0,6,2874436,38661750,21057065.0,16.86274669123538,14.426229508196721,0.9398907103825136,3.562841530054645,2.885245901639344,0.8743169398907104,0.45901639344262296,1.0273224043715847,10.382513661202186,5.595628415300546,2.448087431693989,2.73224043715847,30.5
Cason Wallace,OKC,77,2046,252,584,0.432,101,288,0.351,55,68,0.809,63,175,238,200,150,28,73,154,660,858,2.74,2.06,22.0,75,195.0,80.5,2,2296274,38661750,5820240.0,15.576852055970797,11.612903225806452,1.1085043988269794,3.0791788856304985,3.5190615835777126,2.6392961876832848,0.49266862170087977,1.2844574780058653,10.275659824046922,5.067448680351907,1.1964809384164221,2.709677419354839,26.571428571428573
Bilal Coulibaly,WAS,56,1468,230,541,0.425,65,204,0.319,132,177,0.746,48,195,243,145,75,54,81,130,657,737,1.79,0.93,21.0,79,195.0,83.00383464436993,2,2296274,38661750,7275600.0,15.800036841847822,16.111716621253404,1.1771117166212532,4.782016348773841,3.555858310626703,1.8392370572207084,1.32425068119891,1.9863760217983653,13.267029972752043,5.002724795640327,4.340599455040872,3.1880108991825615,26.214285714285715
Davion Mitchell,MIA,70,2000,261,533,0.49,90,228,0.395,42,65,0.646,32,154,186,453,68,11,108,181,654,969,4.19,0.63,27.0,72,202.0,76.25,4,2461463,38661750,11600000.0,16.266515656076592,11.772,0.5760000000000001,2.772,8.154,1.2240000000000002,0.19799999999999998,1.944,9.594000000000001,4.104,1.17,3.258,28.571428571428573
Luke Kennard,LAL,78,1681,236,443,0.533,117,245,0.478,63,69,0.913,32,150,182,174,55,8,60,101,652,798,2.9,0.92,29.0,77,206.0,77.25,8,3287409,46394100,11000000.0,16.213405830762646,13.963117192147532,0.6853063652587745,3.212373587150506,3.7263533610945867,1.1778703152885186,0.17132659131469363,1.2849494348602022,9.487209994051161,5.246876859012493,1.4776918500892327,2.162998215348007,21.55128205128205
Bruce Brown,DEN,82,1998,248,522,0.475,57,148,0.385,96,126,0.762,85,233,318,174,85,20,91,195,649,851,1.91,0.93,29.0,76,202.0,81.0,7,3080921,46394100,2296274.0,14.646798367280478,11.693693693693694,1.5315315315315314,4.198198198198198,3.135135135135135,1.5315315315315314,0.36036036036036034,1.6396396396396398,9.405405405405405,2.6666666666666665,2.27027027027027,3.513513513513513,24.365853658536587
Nique Clifford,SAC,75,1882,249,596,0.418,77,231,0.333,70,97,0.722,65,217,282,179,68,24,116,156,645,708,1.54,0.59,24.0,77,175.0,80.0,0,1272870,38661750,3108120.0,14.949528599762935,12.337938363443145,1.2433581296493093,4.150903294367694,3.424017003188098,1.3007438894792773,0.45908607863974493,2.218916046758767,11.400637619553665,4.418703506907545,1.855472901168969,2.984059511158342,25.093333333333334
Paul George,PHI,37,1135,225,513,0.439,100,255,0.392,91,111,0.82,20,176,196,133,62,16,64,84,641,676,2.08,0.97,36.0,80,230.0,83.25,15,3634153,54126450,51666090.0,17.7603122248628,20.33127753303965,0.6343612334801763,5.58237885462555,4.2185022026431716,1.9665198237885462,0.507488986784141,2.029955947136564,16.271365638766518,8.088105726872246,3.520704845814978,2.6643171806167403,30.675675675675677
Zaccharie Risacher,ATL,67,1503,244,536,0.455,95,258,0.368,58,90,0.644,71,186,257,76,59,36,58,147,641,687,1.31,1.02,21.0,80,200.0,81.5,1,2048494,38661750,13197720.0,16.395554645364797,15.353293413173652,1.7005988023952097,4.455089820359281,1.8203592814371257,1.4131736526946108,0.8622754491017964,1.3892215568862276,12.838323353293413,6.179640718562875,2.155688622754491,3.5209580838323356,22.432835820895523
Khris Middleton,DAL,63,1439,227,540,0.42,67,186,0.36,119,136,0.875,51,180,231,176,41,9,108,144,640,659,1.63,0.38,34.0,79,222.0,82.75,13,3634153,54126450,33296296.0,17.320956717532788,16.011118832522584,1.2758860319666434,4.503127171646977,4.403057678943711,1.025712300208478,0.22515635858234886,2.701876302988186,13.509381514940932,4.653231410701876,3.4023627519110495,3.602501737317582,22.841269841269842
Ronald Holland II,DET,78,1551,235,544,0.432,50,198,0.253,120,149,0.805,83,232,315,95,92,27,96,183,640,735,0.99,0.96,20.0,80,206.0,82.75,1,2048494,38661750,8657280.0,15.973911143442912,14.854932301740812,1.9264990328820115,5.384912959381044,2.2050290135396517,2.135396518375242,0.6266924564796905,2.228239845261122,12.62669245647969,4.595744680851063,3.458413926499033,4.247582205029014,19.884615384615383
Brook Lopez,LAC,75,1635,232,542,0.428,114,317,0.36,56,74,0.757,47,226,273,97,45,87,61,154,634,747,1.59,0.74,38.0,85,282.0,89.5,17,3634153,54126450,8750000.0,15.984564258333798,13.959633027522935,1.034862385321101,4.9761467889908255,2.1357798165137614,0.9908256880733946,1.9155963302752295,1.3431192660550457,11.933944954128439,6.979816513761468,1.6293577981651377,3.3908256880733947,21.8
Marvin Bagley III,DAL,60,1201,254,411,0.618,24,52,0.462,95,144,0.66,150,216,366,85,28,43,61,123,627,882,1.39,0.46,27.0,82,235.0,85.95616959914507,7,3080921,46394100,2296274.0,14.646798367280478,18.794338051623647,4.496253122398001,6.474604496253122,2.5478767693588673,0.839300582847627,1.2889258950874272,1.8284762697751873,12.319733555370524,1.5587010824313074,4.316402997502082,3.6869275603663616,20.016666666666666
Tari Eason,HOU,60,1549,241,580,0.416,93,260,0.358,52,67,0.776,124,252,376,90,72,28,81,138,627,758,1.11,0.89,25.0,80,215.0,86.0,3,2378870,38661750,5675766.0,15.5517160901966,14.57198192382182,2.8818592640413168,5.856681730148482,2.091672046481601,1.6733376371852808,0.6507424144609426,1.882504841833441,13.479664299548096,6.04260813428018,1.5571336346029696,3.2072304712717883,25.816666666666666
Gui Santos,GSW,68,1395,230,460,0.5,78,222,0.351,87,120,0.725,75,191,266,159,61,22,102,142,625,768,1.56,0.6,23.0,79,185.0,83.00383464436993,2,2296274,38661750,2221677.0,14.61377287407881,16.129032258064516,1.935483870967742,4.929032258064517,4.103225806451613,1.5741935483870968,0.5677419354838711,2.632258064516129,11.870967741935484,5.7290322580645165,3.0967741935483875,3.6645161290322577,20.514705882352942
Jordan Clarkson,NYK,72,1279,237,526,0.451,70,214,0.327,78,94,0.83,62,65,127,96,30,9,63,123,622,516,1.52,0.48,33.0,77,194.0,80.0,11,3634153,54126450,12947835.0,16.37643915066626,17.507427677873338,1.7451133698201722,1.8295543393275997,2.702111024237686,0.8444096950742768,0.253322908522283,1.7732603596559813,14.805316653635654,6.023455824863174,2.645817044566067,3.4620797498045346,17.76388888888889
Aaron Nesmith,IND,45,1335,212,512,0.414,105,277,0.379,92,111,0.829,48,139,187,86,26,23,63,124,621,561,1.37,0.41,26.0,77,215.0,81.03561134118651,5,2667944,38661750,11000000.0,16.213405830762646,16.746067415730337,1.2943820224719103,3.7483146067415727,2.3191011235955057,0.701123595505618,0.6202247191011235,1.698876404494382,13.806741573033708,7.4696629213483146,2.9932584269662925,3.343820224719101,29.666666666666668
De'Andre Hunter,SAC,45,1175,208,501,0.415,75,246,0.305,124,143,0.867,30,155,185,90,30,6,75,112,615,539,1.2,0.4,28.0,79,221.0,83.00383464436993,6,2874436,38661750,23303571.0,16.964117168595113,18.842553191489362,0.9191489361702128,4.748936170212766,2.7574468085106383,0.9191489361702128,0.18382978723404253,2.2978723404255317,15.349787234042553,7.537021276595745,4.381276595744681,3.431489361702128,26.11111111111111
Aaron Wiggins,OKC,65,1414,231,536,0.431,96,270,0.356,53,72,0.736,41,158,199,109,60,28,81,83,611,602,1.35,0.74,27.0,77,190.0,81.75,4,2461463,38661750,10102803.0,16.128323468061094,15.555869872701555,1.0438472418670437,4.0226308345120225,2.775106082036775,1.5275813295615277,0.7128712871287128,2.062234794908062,13.646393210749647,6.874115983026874,1.833097595473833,2.113154172560113,21.753846153846155
Jordan Goodwin,PHX,70,1572,229,555,0.413,112,302,0.371,39,56,0.696,138,203,341,151,106,14,68,133,609,810,2.22,1.56,27.0,75,215.0,79.06738803800309,4,2461463,38661750,2349578.0,14.669746295526831,13.946564885496183,3.16030534351145,4.648854961832061,3.4580152671755724,2.4274809160305346,0.32061068702290074,1.5572519083969465,12.709923664122137,6.916030534351145,1.282442748091603,3.0458015267175576,22.457142857142856
Bones Hyland,MIN,71,1177,212,468,0.453,116,299,0.388,64,82,0.78,23,104,127,188,44,17,70,120,604,636,2.69,0.63,25.0,74,169.0,81.25,4,2461463,38661750,2296274.0,14.646798367280478,18.47408666100255,0.7034834324553951,3.1809685641461343,5.750212404418011,1.3457943925233644,0.519966015293118,2.141036533559898,14.314358538657604,9.145284621920135,2.5080713678844524,3.6703483432455393,16.577464788732396
De'Anthony Melton,GSW,49,1125,215,528,0.407,72,245,0.294,100,121,0.826,39,119,158,125,77,20,91,91,602,557,1.37,0.85,28.0,74,200.0,80.5,7,3080921,46394100,3080921.0,14.940739136224428,19.264,1.248,3.808,4.0,2.464,0.64,2.912,16.896,7.84,3.872,2.912,22.959183673469386
Santi Aldama,MEM,43,1198,228,476,0.479,70,200,0.35,76,114,0.667,67,220,287,126,37,31,55,69,602,742,2.29,0.67,25.0,84,215.0,87.92439290232849,4,2461463,38661750,18485916.0,16.73251970281731,18.090150250417363,2.013355592654424,6.611018363939899,3.7863105175292153,1.1118530884808013,0.9315525876460768,1.6527545909849748,14.303839732888148,6.010016694490818,3.425709515859766,2.0734557595993324,27.86046511627907
Jordan Miller,LAC,60,1325,212,399,0.531,38,110,0.345,136,175,0.777,50,132,182,136,45,11,63,62,598,683,2.16,0.71,26.0,77,194.0,83.75,2,2296274,38661750,712637.0,13.476727453343132,16.24754716981132,1.3584905660377358,3.586415094339623,3.695094339622641,1.2226415094339622,0.2988679245283019,1.711698113207547,10.840754716981133,2.9886792452830186,4.754716981132075,1.6845283018867925,22.083333333333332
Justin Champagnie,WAS,69,1377,232,462,0.502,53,166,0.319,80,102,0.784,145,239,384,84,59,43,45,114,597,870,1.87,1.31,24.0,78,206.0,81.5,4,2461463,38661750,2349578.0,14.669746295526831,15.607843137254902,3.7908496732026142,6.248366013071895,2.196078431372549,1.542483660130719,1.1241830065359477,1.1764705882352942,12.07843137254902,4.339869281045751,2.6666666666666665,2.980392156862745,19.956521739130434
Simone Fontecchio,MIA,70,1173,194,471,0.412,123,328,0.375,86,102,0.843,56,155,211,101,37,9,49,104,597,613,2.06,0.76,30.0,79,209.0,83.00383464436993,3,2378870,38661750,8307692.0,15.93269239058992,18.32225063938619,1.7186700767263425,4.757033248081842,3.0997442455242967,1.1355498721227621,0.27621483375959077,1.50383631713555,14.45524296675192,10.066496163682864,3.1304347826086953,3.1918158567774935,16.757142857142856
Kris Dunn,LAC,82,2230,227,477,0.476,80,214,0.374,62,81,0.765,58,213,271,295,131,14,111,189,596,927,2.66,1.18,32.0,75,205.0,81.5,9,3303774,46394100,5426400.0,15.506786488614006,9.62152466367713,0.9363228699551569,3.4385650224215247,4.762331838565022,2.114798206278027,0.22600896860986547,1.7919282511210763,7.700448430493274,3.454708520179372,1.30762331838565,3.051121076233184,27.195121951219512
Cody Williams,UTA,67,1631,238,509,0.468,28,131,0.214,84,119,0.706,61,137,198,137,51,26,73,122,588,621,1.88,0.7,21.0,80,190.0,85.0,1,2048494,38661750,5742480.0,15.563401730735668,12.97854077253219,1.3464132434089515,3.0239117106069897,3.0239117106069897,1.125689760882894,0.5738810545677498,1.6112814224402205,11.234825260576333,2.891477621091355,2.626609442060086,2.692826486817903,24.34328358208955
Isaac Okoro,CHI,63,1695,211,459,0.46,73,221,0.33,89,112,0.795,69,104,173,100,46,29,46,162,584,615,2.17,1.0,25.0,76,225.0,80.05149968959479,5,2667944,38661750,11000000.0,16.213405830762646,12.403539823008849,1.4654867256637167,2.208849557522124,2.1238938053097343,0.9769911504424779,0.615929203539823,0.9769911504424779,9.748672566371681,4.693805309734514,2.3787610619469026,3.4407079646017698,26.904761904761905
Aaron Gordon,DEN,36,1005,198,398,0.497,61,157,0.389,125,163,0.767,51,158,209,96,21,10,38,62,582,642,2.53,0.55,30.0,80,235.0,83.75,11,3634153,54126450,22841455.0,16.94408764475109,20.84776119402985,1.8268656716417908,5.659701492537313,3.4388059701492537,0.7522388059701492,0.3582089552238806,1.3611940298507461,14.256716417910448,5.623880597014925,5.838805970149254,2.2208955223880595,27.916666666666668
Isaiah Stewart,DET,58,1317,221,402,0.55,40,120,0.333,99,131,0.756,96,194,290,66,16,93,67,166,581,766,0.99,0.24,25.0,80,250.0,88.75,5,2667944,38661750,15000000.0,16.523560759066484,15.881548974943053,2.624145785876993,5.302961275626424,1.8041002277904328,0.43735763097949887,2.5421412300683373,1.8314350797266514,10.988610478359908,3.2801822323462417,3.580865603644647,4.537585421412301,22.70689655172414
Marcus Smart,LAL,62,1769,188,476,0.395,97,293,0.331,106,129,0.822,36,136,172,185,87,23,92,162,579,643,2.01,0.95,32.0,75,220.0,81.25,11,3634153,54126450,19920855.0,16.807277730886366,11.782928208027133,0.7326172979084229,2.7676653476540416,3.7648388920293954,1.7704918032786885,0.46806105144149235,1.8722442057659694,9.686828716789146,5.962690785754663,2.625211984171848,3.296777840587903,28.532258064516128
Luguentz Dort,OKC,69,1849,202,524,0.385,128,372,0.344,44,58,0.759,56,189,245,85,62,27,54,179,576,605,1.57,1.15,27.0,76,220.0,80.5,6,2874436,38661750,18222222.0,16.718152396257132,11.214710654407789,1.0903190914007572,3.6798269334775555,1.6549486208761492,1.2071389940508384,0.5256895619253651,1.0513791238507302,10.202271498107084,7.24283396430503,1.129259058950784,3.48512709572742,26.797101449275363
Moussa Diabaté,CHA,73,1899,229,363,0.631,1,2,0.5,116,176,0.659,273,362,635,141,56,72,73,176,575,1212,1.93,0.77,24.0,82,210.0,86.5,3,2378870,38661750,2270735.0,14.635614125595644,10.90047393364929,5.1753554502369665,6.862559241706161,2.672985781990521,1.0616113744075828,1.3649289099526067,1.3838862559241705,6.881516587677726,0.03791469194312796,3.3364928909952605,3.3364928909952605,26.013698630136986
Ziaire Williams,BKN,56,1281,184,433,0.425,86,251,0.343,119,140,0.85,30,104,134,60,76,21,59,116,573,535,1.02,1.29,24.0,81,185.0,82.25,4,2461463,38661750,6250000.0,15.648092021712584,16.10304449648712,0.8430913348946136,2.9227166276346606,1.6861826697892273,2.1358313817330212,0.5901639344262295,1.6580796252927401,12.168618266978923,7.053864168618267,3.9344262295081966,3.259953161592506,22.875
Draymond Green,GSW,68,1869,205,491,0.418,101,310,0.326,59,84,0.702,55,320,375,376,61,42,181,197,570,932,2.08,0.34,36.0,78,230.0,85.25,13,3634153,54126450,25892857.0,17.069477697126505,10.979133226324238,1.059390048154093,6.163723916532905,7.242375601926164,1.1749598715890852,0.8089887640449438,3.4863563402889244,9.457463884430176,5.971107544141252,1.6179775280898876,3.7945425361155696,27.485294117647058
Javonte Green,DET,82,1446,185,414,0.447,94,247,0.381,105,125,0.84,62,168,230,56,102,25,45,107,569,688,1.24,2.27,32.0,77,205.0,81.03561134118651,6,2874436,38661750,2296274.0,14.646798367280478,14.16597510373444,1.5435684647302905,4.182572614107884,1.3941908713692945,2.5394190871369293,0.6224066390041494,1.120331950207469,10.307053941908713,6.149377593360996,3.112033195020747,2.663900414937759,17.634146341463413
Jalen Green,PHX,32,828,216,512,0.422,71,227,0.313,65,87,0.747,16,100,116,91,34,8,72,42,568,427,1.26,0.47,24.0,76,186.0,80.05149968959479,4,2461463,38661750,33584499.0,17.32957517919801,24.695652173913047,0.6956521739130435,4.3478260869565215,3.956521739130435,1.4782608695652175,0.34782608695652173,3.1304347826086953,22.26086956521739,9.869565217391305,3.782608695652174,1.8260869565217392,25.875
Cam Thomas,MIL,42,881,189,461,0.41,52,168,0.31,137,169,0.811,11,60,71,108,9,4,74,43,567,381,1.46,0.12,24.0,75,210.0,79.06738803800309,4,2461463,38661750,6837779.0,15.737973529267466,23.169125993189557,0.44948921679909193,2.4517593643586832,4.413166855845629,0.3677639046538025,0.16345062429057888,3.0238365493757096,18.837684449489217,6.864926220204313,6.905788876276958,1.7570942111237229,20.976190476190474
Jonas Valančiūnas,DEN,65,871,227,390,0.582,8,26,0.308,105,136,0.772,105,224,329,78,14,37,73,133,567,758,1.07,0.19,34.0,83,265.0,86.94028125073677,13,3634153,54126450,10395000.0,16.15683547927425,23.435132032146957,4.3398392652124,9.258323765786452,3.2238805970149254,0.5786452353616532,1.529276693455798,3.0172215843857635,16.11940298507463,1.0746268656716418,5.621125143513203,5.497129735935706,13.4
Jalen Williams,OKC,33,936,216,446,0.484,23,77,0.299,108,129,0.837,27,125,152,181,39,9,63,65,563,630,2.87,0.62,25.0,77,211.0,86.25,3,2378870,38661750,6580997.0,15.69969681158038,21.653846153846153,1.0384615384615385,4.8076923076923075,6.961538461538462,1.5,0.34615384615384615,2.423076923076923,17.153846153846153,2.9615384615384617,4.961538461538462,2.5,28.363636363636363
Jared McCain,OKC,67,1160,204,480,0.425,99,257,0.385,51,59,0.864,23,114,137,90,35,5,56,81,558,485,1.61,0.63,22.0,75,195.0,75.5,1,2048494,38661750,4221360.0,15.255667908974315,17.317241379310346,0.713793103448276,3.537931034482759,2.793103448275862,1.0862068965517242,0.15517241379310345,1.7379310344827585,14.89655172413793,7.975862068965517,1.8310344827586207,2.513793103448276,17.313432835820894
Luka Garza,BOS,69,1118,206,357,0.577,55,127,0.433,90,117,0.769,156,125,281,66,27,28,46,161,557,735,1.44,0.59,27.0,82,243.0,85.5,4,2461463,38661750,2461463.0,14.716266446582551,17.935599284436492,5.023255813953488,4.025044722719141,2.1252236135957068,0.8694096601073344,0.9016100178890877,1.481216457960644,11.495527728085866,4.089445438282647,3.7674418604651163,5.184257602862254,16.202898550724637
Vít Krejčí,POR,65,1392,192,429,0.448,128,328,0.39,38,51,0.745,31,117,148,100,47,18,41,138,550,572,2.44,1.15,25.0,80,195.0,83.98794629596165,4,2461463,38661750,2349578.0,14.669746295526831,14.224137931034482,0.8017241379310345,3.0258620689655173,2.586206896551724,1.2155172413793103,0.46551724137931033,1.0603448275862069,11.094827586206897,8.482758620689655,1.3189655172413792,3.5689655172413794,21.415384615384614
Gary Payton II,GSW,73,1142,242,415,0.583,37,127,0.291,26,40,0.65,101,164,265,123,67,21,62,132,547,774,1.98,1.08,33.0,74,195.0,80.0,9,3303774,46394100,2296274.0,14.646798367280478,17.243432574430823,3.183887915936953,5.169877408056042,3.8774080560420314,2.1120840630472855,0.6619964973730298,1.9544658493870404,13.082311733800351,4.003502626970228,1.2609457092819616,4.161120840630473,15.643835616438356
Dominick Barlow,PHI,71,1689,215,399,0.539,21,82,0.256,94,131,0.718,133,207,340,87,63,53,56,150,545,811,1.55,1.13,23.0,81,224.0,87.0,3,2378870,38661750,3415000.0,15.043688050987027,11.61634103019538,2.8348134991119007,4.412078152753108,1.8543516873889874,1.3428063943161632,1.1296625222024868,1.1936056838365896,8.504440497335702,1.7477797513321491,2.7921847246891653,3.197158081705151,23.788732394366196
Jamal Shead,TOR,82,1852,185,504,0.367,84,262,0.321,91,116,0.784,26,117,143,444,76,15,112,162,545,767,3.96,0.68,23.0,73,200.0,75.0,1,2048494,38661750,1955377.0,14.486093571685258,10.593952483801296,0.5053995680345572,2.2742980561555073,8.630669546436286,1.4773218142548596,0.29157667386609076,2.1771058315334773,9.796976241900648,5.092872570194384,2.2548596112311015,3.14902807775378,22.585365853658537
Ja'Kobe Walter,TOR,72,1474,180,404,0.446,110,269,0.409,71,90,0.789,56,129,185,86,73,14,37,162,541,619,2.32,1.97,21.0,76,180.0,82.0,1,2048494,38661750,3638160.0,15.10698861730201,13.213025780189959,1.367706919945726,3.1506105834464044,2.100407055630936,1.7829036635006783,0.3419267299864315,0.903663500678426,9.867028493894164,6.569877883310719,2.198100407055631,3.956580732700136,20.47222222222222
Jalen Smith,CHI,53,1095,195,404,0.483,82,220,0.373,69,93,0.742,98,257,355,65,24,42,53,111,541,741,1.23,0.45,26.0,80,244.0,86.25,5,2667944,38661750,9000000.0,16.012735135300492,17.786301369863015,3.221917808219178,8.449315068493151,2.1369863013698627,0.7890410958904109,1.3808219178082193,1.7424657534246575,13.282191780821918,7.232876712328767,3.0575342465753423,3.649315068493151,20.660377358490567
Day'Ron Sharpe,BKN,62,1160,214,356,0.601,9,39,0.231,103,152,0.678,171,242,413,145,67,26,106,147,540,894,1.37,0.63,24.0,82,265.0,85.95616959914507,4,2461463,38661750,6250000.0,15.648092021712584,16.75862068965517,5.3068965517241375,7.510344827586207,4.5,2.079310344827586,0.8068965517241379,3.2896551724137932,11.048275862068966,1.2103448275862068,4.717241379310345,4.562068965517241,18.70967741935484
Walter Clayton Jr.,MEM,69,1411,177,461,0.384,75,244,0.307,109,121,0.901,25,114,139,279,44,19,116,119,538,607,2.41,0.38,23.0,76,195.0,76.0,0,1272870,38661750,3991320.0,15.199632561222508,13.726435152374203,0.6378454996456413,2.9085754783841247,7.118355776045358,1.122608079376329,0.4847625797306874,2.9596031183557763,11.761871013465628,6.22537207654146,3.087172218284904,3.0361445783132526,20.44927536231884
Egor Dëmin,BKN,52,1308,179,449,0.399,124,322,0.385,54,65,0.831,21,144,165,173,42,17,86,93,536,566,2.01,0.49,20.0,80,200.0,82.25,0,1272870,38661750,,,14.752293577981652,0.5779816513761469,3.963302752293578,4.761467889908257,1.1559633027522938,0.4678899082568807,2.36697247706422,12.357798165137615,8.862385321100918,1.7889908256880733,2.5596330275229358,25.153846153846153
Kristaps Porziņģis,GSW,32,769,173,388,0.446,54,160,0.338,133,158,0.842,40,127,167,81,18,38,41,92,533,556,1.98,0.44,30.0,86,240.0,89.89261620551191,10,3634153,54126450,30731707.0,17.240805480888028,24.951885565669702,1.8725617685305591,5.945383615084525,3.7919375812743823,0.8426527958387516,1.7789336801040312,1.9193758127438232,18.163849154746423,7.4902470741222364,7.396618985695709,4.306892067620286,24.03125
Corey Kispert,ATL,58,1080,184,394,0.467,87,237,0.367,77,97,0.794,27,105,132,92,16,9,45,60,532,506,2.04,0.36,27.0,78,224.0,79.0,4,2461463,38661750,13975000.0,16.452780577005438,17.733333333333334,0.9,3.5,3.0666666666666664,0.5333333333333333,0.3,1.5,13.133333333333333,7.9,3.2333333333333334,2.0,18.620689655172413
Oso Ighodaro,PHX,82,1808,239,366,0.653,0,1,0.0,53,117,0.453,138,280,418,185,73,57,101,218,531,972,1.83,0.72,23.0,83,235.0,83.0,1,2048494,38661750,1955377.0,14.486093571685258,10.573008849557523,2.747787610619469,5.575221238938052,3.683628318584071,1.4535398230088497,1.1349557522123894,2.0110619469026547,7.287610619469027,0.01991150442477876,2.3296460176991154,4.340707964601769,22.048780487804876
Olivier-Maxence Prosper,MEM,53,984,192,350,0.549,60,148,0.405,86,114,0.754,59,128,187,51,40,13,47,83,530,588,1.09,0.85,23.0,79,230.0,85.0,2,2296274,38661750,1002360.0,13.817867777537952,19.390243902439025,2.158536585365854,4.682926829268293,1.8658536585365852,1.4634146341463414,0.475609756097561,1.7195121951219514,12.804878048780488,5.414634146341464,4.170731707317073,3.0365853658536586,18.566037735849058
Gary Trent Jr.,MIL,65,1377,183,473,0.387,123,342,0.36,40,52,0.769,8,59,67,79,34,3,41,85,529,369,1.93,0.83,27.0,77,204.0,80.75,7,3080921,46394100,3697105.0,15.123060638922002,13.830065359477125,0.20915032679738563,1.542483660130719,2.065359477124183,0.8888888888888888,0.07843137254901962,1.0718954248366013,12.366013071895425,8.941176470588236,1.3594771241830066,2.2222222222222223,21.184615384615384
Christian Braun,DEN,44,1399,202,389,0.519,43,143,0.301,79,101,0.782,61,150,211,120,30,12,43,103,526,647,2.79,0.7,25.0,78,220.0,78.5,3,2378870,38661750,4921797.0,15.409184265685614,13.535382416011437,1.5696926375982843,3.8598999285203717,3.0879199428162973,0.7719799857040743,0.30879199428162973,1.1065046461758399,10.01000714796283,3.6797712651894208,2.598999285203717,2.6504646175839888,31.795454545454547
T.J. McConnell,IND,56,963,242,450,0.538,16,50,0.32,25,29,0.862,22,102,124,287,56,10,64,62,525,726,4.48,0.88,34.0,73,190.0,74.0,10,3634153,54126450,10200000.0,16.1378982782545,19.626168224299064,0.822429906542056,3.8130841121495327,10.728971962616823,2.093457943925234,0.3738317757009346,2.392523364485981,16.822429906542055,1.8691588785046729,1.0841121495327102,2.3177570093457946,17.196428571428573
Daniel Gafford,DAL,55,1195,207,316,0.655,0,0,0.0,110,161,0.683,138,240,378,58,42,69,63,144,524,848,0.92,0.67,27.0,82,265.0,86.5,6,2874436,38661750,14386320.0,16.481788313010235,15.785774058577406,4.157322175732218,7.2301255230125525,1.7472803347280335,1.2652719665271968,2.078661087866109,1.897907949790795,9.519665271966527,0.0,4.850209205020921,4.338075313807531,21.727272727272727
Jordan Poole,NOP,39,933,165,444,0.372,96,288,0.333,98,114,0.86,9,68,77,119,22,15,69,89,524,393,1.73,0.32,26.0,76,194.0,78.75,6,2874436,38661750,31848215.0,17.27649189445588,20.218649517684888,0.34726688102893893,2.6237942122186495,4.591639871382637,0.8488745980707396,0.5787781350482315,2.662379421221865,17.131832797427652,11.112540192926046,4.39871382636656,3.4340836012861735,23.923076923076923
Jaden Hardy,WAS,57,898,182,429,0.424,104,262,0.397,55,75,0.733,15,71,86,58,16,6,62,89,523,360,0.94,0.26,23.0,75,198.0,79.06738803800309,3,2378870,38661750,6000000.0,15.60727002719233,20.966592427616927,0.601336302895323,2.846325167037862,2.3251670378619154,0.6414253897550111,0.24053452115812918,2.485523385300668,17.198218262806236,10.503340757238307,3.0066815144766146,3.5679287305122496,15.75438596491228
Ryan Kalkbrenner,CHA,69,1479,219,291,0.753,0,5,0.0,83,116,0.716,167,210,377,54,32,101,62,107,521,918,0.87,0.52,24.0,85,256.0,89.0,0,1272870,38661750,2296274.0,14.646798367280478,12.6815415821501,4.064908722109533,5.1115618661257605,1.3144016227180528,0.7789046653144016,2.4584178498985803,1.5091277890466532,7.08316430020284,0.12170385395537525,2.8235294117647056,2.6044624746450302,21.434782608695652
Quinten Post,GSW,67,1159,193,439,0.44,93,277,0.336,34,43,0.791,68,201,269,94,26,35,56,125,513,626,1.68,0.46,26.0,84,238.0,86.5,1,2048494,38661750,1955377.0,14.486093571685258,15.934426229508196,2.112165660051769,6.243313201035376,2.9197584124245037,0.8075927523727351,1.087144089732528,1.7394305435720447,13.635893011216565,8.603968938740293,1.3356341673856773,3.8826574633304576,17.29850746268657
Jose Alvarado,NYK,69,1370,187,449,0.416,101,287,0.352,35,46,0.761,26,145,171,234,66,8,77,129,510,639,3.04,0.86,28.0,72,179.0,76.11505308322795,4,2461463,38661750,4500000.0,15.319587954740548,13.401459854014599,0.6832116788321168,3.81021897810219,6.148905109489051,1.7343065693430657,0.21021897810218976,2.0233576642335764,11.798540145985402,7.541605839416059,1.2087591240875912,3.3897810218978104,19.855072463768117
Caleb Love,POR,49,1013,190,490,0.388,93,292,0.318,36,49,0.735,25,89,114,123,27,4,62,48,509,402,1.98,0.44,24.0,75,212.0,79.06738803800309,0,1272870,38661750,,,18.088845014807504,0.8884501480750246,3.162882527147088,4.371174728529121,0.9595261599210266,0.14215202369200394,2.2033563672260614,17.413622902270482,10.377097729516288,1.7413622902270485,1.7058242843040474,20.6734693877551
Danny Wolf,BKN,57,1187,178,440,0.405,68,211,0.322,84,109,0.771,57,224,281,127,30,32,73,126,508,618,1.74,0.41,22.0,83,250.0,86.25,0,1272870,38661750,2801280.0,14.845587013544613,15.406908171861836,1.7287278854254424,6.793597304128054,3.851727042965459,0.9098567818028644,0.970513900589722,2.213984835720303,13.344566133108678,6.399326032013479,3.3058129738837407,3.8213984835720303,20.82456140350877
Patrick Williams,CHI,72,1474,178,478,0.372,95,274,0.347,54,75,0.72,49,166,215,105,49,26,75,93,505,504,1.4,0.65,24.0,78,235.0,82.01972299277821,5,2667944,38661750,18000000.0,16.70588231586044,12.333785617367706,1.1967435549525103,4.05427408412483,2.5644504748982357,1.1967435549525103,0.6350067842605156,1.8317503392130257,11.67435549525102,6.691994572591587,1.8317503392130257,2.271370420624152,20.47222222222222
Derrick Jones Jr.,LAC,50,1350,189,379,0.499,55,153,0.359,71,93,0.763,61,112,173,69,45,50,40,104,504,589,1.73,1.13,29.0,78,210.0,82.01972299277821,9,3303774,46394100,10000000.0,16.11809565095832,13.440000000000001,1.6266666666666665,2.9866666666666664,1.84,1.2,1.3333333333333333,1.0666666666666667,10.106666666666666,4.08,2.48,2.7733333333333334,27.0
Paul Reed,DET,65,901,209,339,0.617,13,40,0.325,73,110,0.664,130,164,294,80,57,60,58,120,504,770,1.38,0.98,26.0,81,210.0,86.0,5,2667944,38661750,5335894.0,15.489967001312817,20.137624861265262,5.194228634850166,6.552719200887902,3.1964483906770256,2.2774694783573803,2.3973362930077693,2.317425083240843,13.544950055493896,1.5982241953385128,4.39511653718091,4.794672586015539,13.861538461538462
Nolan Traore,BKN,56,1243,182,479,0.38,61,192,0.318,74,94,0.787,14,85,99,213,45,23,129,119,499,433,1.65,0.35,20.0,75,185.0,80.0,0,1272870,38661750,3811560.0,15.153549112120489,14.452131938857603,0.40547063555913115,2.4617860016090103,6.168946098149638,1.3032984714400644,0.666130329847144,3.7361222847948508,13.872888173773129,5.560740144810941,2.7224456958970236,3.4465004022526147,22.196428571428573
Jaxson Hayes,LAL,66,1207,198,262,0.756,3,3,1.0,98,150,0.653,99,172,271,59,29,52,31,127,497,761,1.9,0.94,26.0,84,220.0,87.5,6,2874436,38661750,3449323.0,15.053688537867489,14.823529411764705,2.952775476387738,5.130074565037282,1.75973487986744,0.8649544324772163,1.5509527754763877,0.9246064623032311,7.8144159072079535,0.08947804473902238,4.473902236951119,3.787903893951947,18.28787878787879
Herbert Jones,NOP,56,1588,183,478,0.383,80,259,0.309,50,62,0.806,47,143,190,155,88,27,73,177,496,576,2.12,1.21,27.0,79,206.0,84.25,4,2461463,38661750,13937574.0,16.450098916587557,11.244332493702771,1.0654911838790933,3.2418136020151134,3.513853904282116,1.9949622166246852,0.6120906801007557,1.654911838790932,10.836272040302266,5.871536523929471,1.4055415617128464,4.012594458438287,28.357142857142858
Kobe Sanders,LAC,68,1351,179,384,0.466,80,196,0.408,57,69,0.826,29,124,153,109,49,10,81,146,495,518,1.35,0.61,24.0,80,207.0,80.25,0,1272870,38661750,475497.0,13.072115851799415,13.19022945965951,0.772760917838638,3.3042190969652108,2.9045151739452253,1.305699481865285,0.2664692820133234,2.15840118430792,10.23242042931162,5.22279792746114,1.8386380458919318,3.8904515173945224,19.86764705882353
Jakob Poeltl,TOR,46,1149,217,310,0.7,0,0,0.0,59,98,0.602,114,209,323,93,40,32,57,145,493,792,1.63,0.7,30.0,84,253.0,86.75,9,3303774,46394100,19500000.0,16.785925023533974,15.446475195822455,3.5718015665796345,6.5483028720626635,2.9138381201044385,1.2532637075718016,1.0026109660574412,1.7859007832898173,9.712793733681462,0.0,3.070496083550914,4.543080939947781,24.97826086956522
Miles McBride,NYK,41,1080,171,404,0.423,112,271,0.413,37,47,0.787,24,76,100,106,35,9,33,70,491,465,3.21,1.06,25.0,74,195.0,80.75,4,2461463,38661750,4333333.0,15.28184754983462,16.366666666666667,0.8,2.5333333333333337,3.533333333333333,1.1666666666666665,0.3,1.0999999999999999,13.466666666666667,9.033333333333333,1.5666666666666667,2.333333333333333,26.341463414634145
Collin Murray-Boyles,TOR,57,1246,198,342,0.579,17,50,0.34,71,108,0.657,133,152,285,106,52,53,59,147,484,740,1.8,0.88,20.0,79,245.0,84.75,0,1272870,38661750,6332520.0,15.661208819163283,13.983948635634029,3.842696629213483,4.391653290529695,3.0626003210272876,1.5024077046548958,1.5313001605136438,1.7046548956661316,9.881219903691814,1.4446227929373996,3.120385232744783,4.247191011235955,21.859649122807017
Keon Ellis,CLE,72,1479,169,384,0.44,91,251,0.363,51,70,0.729,38,97,135,72,83,46,41,134,480,541,1.76,2.02,26.0,76,175.0,80.5,3,2378870,38661750,2301587.0,14.649109442958824,11.683569979716024,0.9249492900608519,2.36105476673428,1.7525354969574036,2.020283975659229,1.1196754563894524,0.997971602434077,9.34685598377282,6.109533468559838,1.7038539553752536,3.261663286004057,20.541666666666668
Pat Spencer,GSW,66,1229,186,436,0.427,60,168,0.357,44,57,0.772,51,107,158,232,48,5,85,75,476,571,2.73,0.57,29.0,74,205.0,78.08327638641137,2,2296274,38661750,857804.0,13.662130914145674,13.943043124491457,1.4938974776240845,3.134255492270138,6.795768917819365,1.4060211554109032,0.1464605370219691,2.4898291293734744,12.771358828315703,4.921074043938161,1.6696501220504474,2.196908055329536,18.62121212121212
Landry Shamet,NYK,51,1171,159,364,0.437,103,263,0.392,54,76,0.711,23,69,92,72,31,9,30,77,475,422,2.4,1.03,29.0,77,190.0,78.75,7,3080921,46394100,2296274.0,14.646798367280478,14.602903501280956,0.7070879590093937,2.121263877028181,2.2134927412467977,0.9530315969257045,0.2766865926558497,0.9222886421861657,11.190435525192143,8.085397096498719,2.336464560204953,2.367207514944492,22.96078431372549
Jaylin Williams,OKC,65,1277,149,352,0.423,98,256,0.383,73,92,0.793,32,326,358,158,31,42,67,127,469,769,2.36,0.46,23.0,81,240.0,85.0,3,2378870,38661750,8450704.0,15.949760309472438,13.221613155833987,0.9021143304620204,9.190289741581832,4.454189506656225,0.8739232576350823,1.1840250587314016,1.888801879404855,9.923257635082223,7.216914643696163,2.593578700078308,3.580266249021143,19.646153846153847
Svi Mykhailiuk,UTA,50,1156,173,362,0.478,98,240,0.408,25,28,0.893,36,88,124,93,26,3,42,63,469,481,2.21,0.62,28.0,79,205.0,76.75,7,3080921,46394100,3675000.0,15.117063690629074,14.60553633217993,1.121107266435986,2.740484429065744,2.8961937716262973,0.809688581314879,0.09342560553633217,1.3079584775086506,11.273356401384085,7.474048442906574,0.8719723183391004,1.9619377162629759,23.12
Ben Sheppard,IND,65,1390,168,387,0.434,84,232,0.362,39,51,0.765,43,152,195,114,39,6,41,114,459,541,2.78,0.95,24.0,78,190.0,79.75,2,2296274,38661750,2790720.0,14.841810185020758,11.887769784172662,1.1136690647482015,3.9366906474820142,2.952517985611511,1.0100719424460431,0.1553956834532374,1.0618705035971223,10.023021582733813,6.00863309352518,1.320863309352518,2.952517985611511,21.384615384615383
Micah Potter,IND,47,908,151,293,0.515,71,168,0.423,85,101,0.842,58,175,233,69,22,15,47,82,458,592,1.47,0.47,28.0,81,248.0,84.97205794755335,4,2461463,38661750,1527805.0,14.239342622763711,18.158590308370044,2.2995594713656384,6.938325991189427,2.7356828193832596,0.8722466960352423,0.5947136563876652,1.8634361233480177,11.616740088105727,6.6607929515418505,4.004405286343612,3.251101321585903,19.319148936170212
Gradey Dick,TOR,76,1067,161,384,0.419,56,186,0.301,77,88,0.875,42,105,147,51,45,7,43,101,455,428,1.19,1.05,22.0,79,200.0,80.75,2,2296274,38661750,4990560.0,15.423058685879909,15.351452671040299,1.4170571696344891,3.5426429240862234,1.7207122774133083,1.5182755388940956,0.23617619493908154,1.4507966260543579,12.955951265229617,6.275538894095595,2.9690721649484537,3.407685098406748,14.039473684210526
Terance Mann,BKN,63,1529,168,368,0.457,56,154,0.364,63,80,0.788,70,130,200,190,41,15,71,155,455,613,2.68,0.58,29.0,78,215.0,79.75,6,2874436,38661750,15500000.0,16.556350581889475,10.712884238064094,1.6481360366252453,3.060824068018313,4.47351209941138,0.9653368214519293,0.3531720078482668,1.671680837148463,8.664486592544147,3.6258992805755397,1.883584041857423,3.6494440810987574,24.26984126984127
Quenton Jackson,IND,49,897,154,328,0.47,42,118,0.356,98,119,0.824,28,86,114,140,31,6,62,82,448,482,2.26,0.5,27.0,76,173.0,80.05149968959479,3,2378870,38661750,,,17.979933110367895,1.1237458193979935,3.451505016722408,5.618729096989966,1.2441471571906355,0.2408026755852843,2.488294314381271,13.163879598662207,4.735785953177257,4.775919732441472,3.290969899665552,18.306122448979593
Jusuf Nurkić,UTA,41,1083,180,358,0.503,25,71,0.352,62,113,0.549,106,319,425,196,52,22,101,134,447,812,1.94,0.52,31.0,83,290.0,86.94028125073677,11,3634153,54126450,19375000.0,16.779494133203684,14.858725761772853,3.523545706371191,10.603878116343491,6.515235457063712,1.7285318559556786,0.7313019390581718,3.3573407202216066,11.90027700831025,2.3601108033241,3.7562326869806095,4.454293628808864,26.414634146341463
Luke Kornet,SAS,68,1430,175,272,0.643,0,0,0.0,94,114,0.825,181,233,414,126,32,65,28,120,444,936,4.5,1.14,30.0,85,250.0,88.9085045539202,8,3287409,46394100,11000000.0,16.213405830762646,11.177622377622379,4.556643356643357,5.865734265734266,3.172027972027972,0.8055944055944055,1.6363636363636365,0.704895104895105,6.847552447552447,0.0,2.86993006993007,3.0209790209790213,21.029411764705884
Caris LeVert,DET,60,1154,163,391,0.417,60,180,0.333,57,84,0.679,23,94,117,159,51,41,82,91,443,474,1.94,0.62,31.0,79,205.0,82.0,9,3303774,46394100,14104000.0,16.461969003059842,13.819757365684575,0.7175043327556325,2.932409012131716,4.9601386481802425,1.590987868284229,1.2790294627383014,2.558058925476603,12.197573656845755,5.6152512998266895,2.6204506065857887,2.8388214904679376,19.233333333333334
Sion James,CHA,82,1843,138,372,0.371,83,236,0.352,82,98,0.837,49,238,287,163,52,20,65,148,441,648,2.51,0.8,23.0,77,220.0,78.5,0,1272870,38661750,2296274.0,14.646798367280478,8.614215952251763,0.9571351058057515,4.648941942485078,3.183939229517092,1.0157352143244711,0.3906673901247965,1.2696690179055887,7.2664134563212155,4.609875203472599,1.914270211611503,2.8909386869234943,22.475609756097562
Tristan Vukcevic,WAS,49,671,152,317,0.479,50,144,0.347,87,111,0.784,32,115,147,55,23,33,62,82,441,448,0.89,0.37,23.0,84,220.0,86.5,2,2296274,38661750,,,23.660208643815203,1.7168405365126675,6.1698956780923995,2.9508196721311473,1.23397913561848,1.7704918032786885,3.3263785394932937,17.007451564828614,7.725782414307005,5.955290611028316,4.399403874813711,13.693877551020408
Will Richard,GSW,69,1377,162,346,0.468,71,212,0.335,46,54,0.852,67,105,172,93,80,9,53,131,441,550,1.76,1.51,23.0,75,206.0,79.06738803800309,0,1272870,38661750,1272870.0,14.056784751350763,11.52941176470588,1.7516339869281046,2.7450980392156863,2.431372549019608,2.0915032679738563,0.23529411764705882,1.3856209150326797,9.045751633986928,5.542483660130719,1.4117647058823528,3.42483660130719,19.956521739130434
Jonathan Kuminga,ATL,36,831,157,339,0.463,35,105,0.333,89,123,0.724,49,153,202,83,22,11,67,55,438,473,1.24,0.33,23.0,79,225.0,83.00383464436993,4,2461463,38661750,23799569.0,16.98517802923403,18.97472924187726,2.1227436823104693,6.628158844765343,3.595667870036101,0.9530685920577617,0.47653429602888087,2.9025270758122743,14.68592057761733,4.548736462093863,5.328519855595667,2.3826714801444044,23.083333333333332
Taylor Hendricks,MEM,59,1118,163,355,0.459,63,184,0.342,49,72,0.681,65,156,221,55,50,30,50,99,438,529,1.1,1.0,22.0,81,215.0,84.5,2,2296274,38661750,6127080.0,15.628228848583545,14.103756708407872,2.0930232558139537,5.023255813953488,1.7710196779964222,1.6100178890876566,0.9660107334525939,1.6100178890876566,11.431127012522362,5.924865831842576,2.3184257602862255,3.1878354203935597,18.949152542372882
Isaiah Hartenstein,OKC,47,1137,184,296,0.622,0,7,0.0,64,105,0.61,149,294,443,166,48,36,82,118,432,890,2.02,0.59,28.0,84,250.0,87.92439290232849,7,3080921,46394100,28500000.0,17.16541464523888,13.678100263852242,4.717678100263852,9.308707124010553,5.255936675461742,1.5197889182058046,1.1398416886543536,2.5963060686015833,9.37203166226913,0.2216358839050132,3.3245382585751977,3.736147757255937,24.19148936170213
Ousmane Dieng,MIL,57,1099,168,398,0.422,63,185,0.341,32,45,0.711,29,151,180,136,25,17,75,78,431,471,1.81,0.33,23.0,81,185.0,84.97205794755335,3,2378870,38661750,6670882.0,15.713262643032737,14.118289353958144,0.9499545040946314,4.94631483166515,4.454959053685168,0.818926296633303,0.556869881710646,2.456778889899909,13.037306642402184,6.0600545950864415,1.4740673339399455,2.5550500454959058,19.280701754385966
Kentavious Caldwell-Pope,MEM,51,1088,150,366,0.41,55,174,0.316,73,80,0.913,20,105,125,139,43,8,61,57,428,459,2.28,0.71,33.0,77,204.0,80.0,12,3634153,54126450,21621500.0,16.889198747972156,14.161764705882353,0.6617647058823529,3.4742647058823533,4.599264705882352,1.4227941176470589,0.2647058823529412,2.0183823529411766,12.11029411764706,5.75735294117647,2.6470588235294117,1.8860294117647058,21.333333333333332
Baylor Scheierman,BOS,77,1429,151,333,0.453,97,243,0.399,28,31,0.903,57,212,269,116,42,6,46,108,427,629,2.52,0.91,25.0,78,205.0,80.25,1,2048494,38661750,2619000.0,14.778303123489849,10.757172848145556,1.435969209237229,5.340797760671799,2.9223233030090974,1.0580825752274319,0.1511546536039188,1.158852344296711,8.389083275017494,6.1217634709587125,0.7809657102869139,2.720783764870539,18.558441558441558
Scoot Henderson,POR,30,748,143,342,0.418,57,162,0.352,84,100,0.84,18,62,80,112,27,9,73,85,427,367,1.53,0.37,22.0,75,207.0,79.06738803800309,2,2296274,38661750,10748040.0,16.19023397033322,20.55080213903743,0.8663101604278074,2.983957219251337,5.3903743315508015,1.299465240641711,0.4331550802139037,3.5133689839572195,16.459893048128343,7.7967914438502675,4.812834224598931,4.090909090909091,24.933333333333334
Julian Strawther,DEN,57,861,149,319,0.467,58,150,0.387,57,70,0.814,12,102,114,61,25,6,36,73,413,400,1.69,0.69,24.0,78,205.0,81.25,2,2296274,38661750,2674200.0,14.799160828162702,17.26829268292683,0.5017421602787456,4.264808362369338,2.5505226480836236,1.0452961672473868,0.2508710801393728,1.505226480836237,13.337979094076655,6.2717770034843205,2.926829268292683,3.052264808362369,15.105263157894736
Rob Dillingham,CHI,65,970,163,412,0.396,42,133,0.316,41,55,0.745,19,112,131,143,47,6,100,114,409,373,1.43,0.47,21.0,74,175.0,75.0,1,2048494,38661750,6576120.0,15.69895546372684,15.179381443298968,0.7051546391752577,4.156701030927835,5.307216494845361,1.7443298969072165,0.222680412371134,3.7113402061855667,15.290721649484535,4.936082474226804,2.0412371134020617,4.2309278350515465,14.923076923076923
Drake Powell,BKN,63,1320,144,358,0.402,51,182,0.28,69,77,0.896,21,90,111,91,36,14,60,89,408,378,1.52,0.6,20.0,77,195.0,84.0,0,1272870,38661750,3372240.0,15.031087769948332,11.127272727272727,0.5727272727272726,2.454545454545454,2.481818181818182,0.9818181818181818,0.38181818181818183,1.6363636363636365,9.763636363636365,4.963636363636364,2.1,2.4272727272727272,20.952380952380953
Anthony Davis,WAS,20,626,169,334,0.506,10,37,0.27,59,81,0.728,62,159,221,56,22,33,41,42,407,511,1.37,0.54,33.0,82,253.0,89.5,13,3634153,54126450,54126450.0,17.806833533766422,23.405750798722043,3.5654952076677313,9.143769968051119,3.220447284345048,1.2651757188498403,1.8977635782747604,2.357827476038339,19.207667731629396,2.1277955271565494,4.65814696485623,2.415335463258786,31.3
Ryan Dunn,PHX,70,1355,164,362,0.453,56,169,0.331,23,47,0.489,99,198,297,102,60,29,56,130,407,617,1.82,1.07,23.0,79,216.0,85.5,1,2048494,38661750,2657760.0,14.792994220724903,10.813284132841328,2.6302583025830257,5.2605166051660515,2.709963099630996,1.5940959409594095,0.770479704797048,1.4878228782287823,9.61771217712177,4.490036900369004,1.2487084870848708,3.4538745387453877,19.357142857142858
Andre Drummond,PHI,63,1231,159,337,0.472,32,90,0.356,53,84,0.631,200,332,532,80,38,49,61,125,403,832,1.31,0.62,32.0,83,279.0,90.25,13,3634153,54126450,5000000.0,15.424948470398377,11.785540211210398,5.848903330625507,9.709179528838343,2.3395613322502027,1.1112916328188465,1.4329813160032494,1.7839155158407798,9.855402112103981,2.6320064987814784,2.4565393988627133,3.655564581640942,19.53968253968254
Robert Williams III,POR,59,1008,177,250,0.708,9,23,0.391,34,57,0.596,141,274,415,60,35,87,49,74,397,849,1.22,0.71,28.0,81,249.0,84.97205794755335,7,3080921,46394100,13285713.0,16.402199805288017,14.178571428571429,5.035714285714286,9.785714285714285,2.142857142857143,1.25,3.107142857142857,1.75,8.928571428571429,0.8214285714285714,2.0357142857142856,2.642857142857143,17.084745762711865
Ryan Nembhard,DAL,60,1171,162,390,0.415,48,135,0.356,25,31,0.806,13,120,133,316,25,2,85,86,397,554,3.72,0.29,23.0,71,180.0,74.25,0,1272870,38661750,,,12.204953031596926,0.3996584116140051,3.6891545687446627,9.714773697694278,0.7685738684884714,0.06148590947907771,2.613151152860803,11.989752348420154,4.150298889837746,0.9530315969257045,2.6438941076003415,19.516666666666666
Javon Small,MEM,41,830,134,288,0.465,60,142,0.423,68,82,0.829,36,92,128,151,34,9,56,65,396,494,2.7,0.61,23.0,73,190.0,76.75,0,1272870,38661750,,,17.17590361445783,1.5614457831325301,3.9903614457831322,6.549397590361446,1.4746987951807229,0.39036144578313253,2.4289156626506023,12.491566265060241,6.159036144578313,3.556626506024096,2.819277108433735,20.24390243902439
Dru Smith,MIA,70,1141,135,325,0.415,38,129,0.295,87,105,0.829,62,111,173,180,100,21,55,109,395,606,3.27,1.82,28.0,74,203.0,78.08327638641137,3,2378870,38661750,2378870.0,14.68213614298327,12.462751971954425,1.9561787905346186,3.502191060473269,5.6792287467134095,3.15512708150745,0.6625766871165645,1.7353198948290973,10.254163014899211,4.07011393514461,3.312883435582822,3.43908851884312,16.3
Buddy Hield,ATL,51,819,143,327,0.437,74,212,0.349,30,37,0.811,27,89,116,71,39,9,48,57,390,386,1.48,0.81,33.0,76,220.0,81.25,9,3303774,46394100,9219512.0,16.036832665715533,17.142857142857142,1.1868131868131868,3.9120879120879124,3.120879120879121,1.7142857142857142,0.39560439560439564,2.10989010989011,14.373626373626374,9.31868131868132,1.6263736263736264,2.5054945054945055,16.058823529411764
Ja Morant,MEM,20,569,132,322,0.41,20,85,0.235,105,117,0.897,8,57,65,161,20,6,71,40,389,368,2.27,0.28,26.0,74,174.0,78.08327638641137,6,2874436,38661750,39446090.0,17.490445487543145,24.6115992970123,0.5061511423550088,3.606326889279438,10.186291739894552,1.2653778558875222,0.3796133567662566,4.492091388400703,20.372583479789103,5.377855887521968,7.402460456942003,2.5307557117750443,28.45
Justin Edwards,PHI,64,977,143,320,0.447,67,180,0.372,33,39,0.846,26,68,94,80,54,11,36,91,386,406,2.22,1.5,22.0,79,217.0,82.0,1,2048494,38661750,2048494.0,14.532615446992354,14.223132036847492,0.9580348004094166,2.5056294779938586,2.947799385875128,1.9897645854657113,0.4053224155578301,1.3265097236438075,11.791197543500513,6.6325486182190385,1.4370522006141249,3.353121801432958,15.265625
Sidy Cissoko,POR,75,1435,133,334,0.398,59,198,0.298,58,88,0.659,62,104,166,110,52,25,70,183,383,435,1.57,0.74,22.0,78,220.0,81.75,2,2296274,38661750,686243.0,13.438987071389557,9.608362369337978,1.5554006968641116,2.6090592334494778,2.759581881533101,1.3045296167247389,0.627177700348432,1.7560975609756098,8.379094076655052,4.967247386759581,2.2076655052264806,4.590940766550522,19.133333333333333
Yves Missi,NOP,66,1297,160,294,0.544,0,1,0.0,57,102,0.559,183,202,385,84,20,101,54,113,377,734,1.56,0.37,22.0,83,235.0,86.0,1,2048494,38661750,3353040.0,15.02537795499248,10.464148033924442,5.079414032382421,5.6067848882035465,2.3315343099460293,0.5551272166538165,2.8033924441017732,1.4988434849653047,8.160370084811102,0.027756360832690823,2.831148804934464,3.1364687740940633,19.651515151515152
Goga Bitadze,ORL,64,972,152,225,0.676,2,11,0.182,69,97,0.711,137,183,320,84,37,61,43,136,375,733,1.95,0.86,26.0,83,250.0,86.94028125073677,6,2874436,38661750,8333333.0,15.935774054164364,13.88888888888889,5.074074074074074,6.777777777777778,3.1111111111111107,1.3703703703703705,2.2592592592592595,1.5925925925925926,8.333333333333334,0.40740740740740744,3.5925925925925926,5.037037037037037,15.1875
Nae'Qwan Tomlin,CLE,64,1004,150,314,0.478,27,115,0.235,47,61,0.77,86,100,186,53,41,34,29,125,374,481,1.83,1.41,25.0,80,210.0,86.5,1,2048494,38661750,718150.0,13.484433739859968,13.410358565737052,3.0836653386454183,3.585657370517928,1.900398406374502,1.4701195219123506,1.2191235059760954,1.0398406374501992,11.258964143426295,4.123505976095617,2.187250996015936,4.482071713147411,15.6875
Guerschon Yabusele,CHI,67,1007,125,312,0.401,69,196,0.352,54,72,0.75,56,178,234,63,26,16,41,81,373,466,1.54,0.63,30.0,79,265.0,83.00383464436993,8,3287409,46394100,5500000.0,15.5202586502027,13.334657398212512,2.0019860973187686,6.363455809334657,2.252234359483615,0.929493545183714,0.5719960278053624,1.4657398212512414,11.153922542204569,7.00695134061569,2.5739821251241315,2.8957298907646476,15.029850746268657
Al Horford,GSW,45,969,138,324,0.426,74,205,0.361,22,26,0.846,44,175,219,116,30,51,42,51,372,556,2.76,0.71,39.0,80,240.0,84.75,18,3634153,54126450,5685000.0,15.553341685166773,13.820433436532507,1.6346749226006192,6.5015479876160995,4.309597523219814,1.1145510835913313,1.894736842105263,1.5603715170278638,12.037151702786376,7.61609907120743,0.9659442724458204,1.894736842105263,21.533333333333335
Isaiah Jackson,LAC,55,908,151,237,0.637,0,3,0.0,68,105,0.648,113,177,290,52,36,49,58,147,370,616,0.9,0.62,24.0,80,205.0,83.98794629596165,4,2461463,38661750,7600000.0,15.84365880525656,14.669603524229075,4.4801762114537445,7.017621145374449,2.0616740088105727,1.4273127753303965,1.9427312775330399,2.2995594713656384,9.39647577092511,0.11894273127753305,4.1629955947136565,5.828193832599119,16.509090909090908
Thomas Bryant,CLE,60,732,135,267,0.506,47,131,0.359,53,66,0.803,59,146,205,33,18,26,28,75,370,479,1.18,0.64,28.0,81,248.0,90.0,8,3287409,46394100,2296274.0,14.646798367280478,18.19672131147541,2.9016393442622954,7.1803278688524586,1.6229508196721312,0.8852459016393442,1.2786885245901638,1.3770491803278688,13.131147540983607,6.442622950819672,3.2459016393442623,3.6885245901639347,12.2
Jamir Watkins,WAS,50,1032,132,296,0.446,47,158,0.297,57,82,0.695,49,145,194,67,54,25,40,129,368,479,1.68,1.35,24.0,78,210.0,82.75,0,1272870,38661750,,,12.837209302325583,1.7093023255813953,5.058139534883721,2.3372093023255816,1.8837209302325582,0.872093023255814,1.3953488372093024,10.325581395348838,5.511627906976744,2.86046511627907,4.5,20.64
Jordan Walsh,BOS,68,1212,136,267,0.509,48,125,0.384,44,57,0.772,85,187,272,54,49,31,35,137,364,591,1.54,1.4,22.0,78,205.0,85.75,2,2296274,38661750,2221677.0,14.61377287407881,10.811881188118813,2.5247524752475248,5.554455445544555,1.6039603960396038,1.4554455445544554,0.9207920792079208,1.0396039603960396,7.930693069306931,3.7128712871287126,1.693069306930693,4.069306930693069,17.823529411764707
Josh Minott,BKN,49,834,126,252,0.5,64,153,0.418,48,61,0.787,48,110,158,46,44,24,43,73,364,454,1.07,1.02,23.0,80,205.0,83.98794629596165,3,2378870,38661750,2378870.0,14.68213614298327,15.712230215827338,2.0719424460431655,4.7482014388489215,1.9856115107913668,1.8992805755395683,1.0359712230215827,1.856115107913669,10.877697841726619,6.60431654676259,2.633093525179856,3.1510791366906474,17.020408163265305
Kenrich Williams,OKC,56,855,140,296,0.473,50,129,0.388,33,52,0.635,59,128,187,79,31,5,43,59,363,447,1.84,0.72,31.0,79,210.0,79.25,7,3080921,46394100,7163000.0,15.784439445596588,15.284210526315789,2.4842105263157896,5.389473684210526,3.3263157894736843,1.305263157894737,0.21052631578947367,1.8105263157894738,12.463157894736842,5.431578947368421,2.1894736842105265,2.4842105263157896,15.267857142857142
Leonard Miller,CHI,46,719,145,262,0.553,32,99,0.323,39,53,0.736,54,127,181,40,17,15,36,65,361,447,1.11,0.47,22.0,82,220.0,86.0,2,2296274,38661750,2221677.0,14.61377287407881,18.07510431154381,2.7037552155771905,6.358831710709318,2.0027816411682893,0.851182197496523,0.7510431154381085,1.8025034770514603,13.118219749652294,4.956884561891516,2.653685674547983,3.25452016689847,15.630434782608695
Josh Okogie,HOU,78,1354,125,294,0.425,62,161,0.385,41,69,0.594,81,119,200,69,63,16,41,107,353,463,1.68,1.54,27.0,76,213.0,84.0,7,3080921,46394100,2296274.0,14.646798367280478,9.38552437223043,2.153618906942393,3.1639586410635157,1.8345642540620384,1.675036927621861,0.4254062038404727,1.0901033973412113,7.816838995568686,4.280649926144757,1.8345642540620384,2.844903988183161,17.358974358974358
Kobe Brown,IND,61,962,127,271,0.469,52,139,0.374,47,59,0.797,68,117,185,80,23,12,53,69,353,444,1.51,0.43,26.0,79,250.0,84.75,2,2296274,38661750,2654880.0,14.791910013896617,13.20997920997921,2.544698544698545,4.378378378378379,2.993762993762994,0.8607068607068608,0.4490644490644491,1.9833679833679834,10.141372141372141,5.201663201663202,2.207900207900208,2.582120582120582,15.770491803278688
Karlo Matković,NOP,62,912,142,235,0.604,38,90,0.422,30,41,0.732,72,157,229,50,25,54,34,105,352,572,1.47,0.74,25.0,82,231.0,85.95616959914507,1,2048494,38661750,1955377.0,14.486093571685258,13.894736842105262,2.8421052631578947,6.197368421052632,1.9736842105263157,0.9868421052631579,2.131578947368421,1.3421052631578947,9.276315789473685,3.5526315789473686,1.618421052631579,4.144736842105263,14.709677419354838
Spencer Jones,DEN,64,1417,132,262,0.504,57,144,0.396,31,51,0.608,75,134,209,51,52,29,31,175,352,512,1.65,1.68,24.0,79,225.0,83.00383464436993,1,2048494,38661750,623967.0,13.34385276133774,8.942836979534228,1.9054340155257588,3.404375441072689,1.295695130557516,1.3211009174311927,0.7367678193366267,0.7875793930839803,6.656316160903318,3.658433309809457,1.295695130557516,4.446012702893437,22.140625
Alex Caruso,OKC,56,1020,127,300,0.423,53,181,0.293,41,51,0.804,28,127,155,110,72,17,48,68,348,471,2.29,1.5,32.0,77,186.0,81.03561134118651,8,3287409,46394100,18102000.0,16.711532987369253,12.282352941176471,0.9882352941176471,4.482352941176471,3.882352941176471,2.541176470588235,0.6,1.6941176470588235,10.588235294117647,6.3882352941176475,1.8,2.4,18.214285714285715
Jayson Tatum,BOS,16,522,118,287,0.411,47,143,0.329,65,79,0.823,8,152,160,85,22,3,39,26,348,396,2.18,0.56,28.0,80,210.0,83.98794629596165,8,3287409,46394100,54126450.0,17.806833533766422,24.0,0.5517241379310345,10.482758620689655,5.862068965517241,1.517241379310345,0.20689655172413793,2.689655172413793,19.79310344827586,9.86206896551724,5.448275862068965,1.7931034482758619,32.625
Trendon Watford,PHI,53,864,138,268,0.515,10,50,0.2,60,77,0.779,38,137,175,132,16,22,64,107,346,480,2.06,0.25,25.0,80,245.0,86.25,4,2461463,38661750,2461463.0,14.716266446582551,14.416666666666666,1.5833333333333335,5.708333333333334,5.5,0.6666666666666666,0.9166666666666666,2.6666666666666665,11.166666666666666,2.0833333333333335,3.208333333333333,4.458333333333333,16.30188679245283
Adem Bona,PHI,71,1234,131,220,0.595,2,6,0.333,80,113,0.708,128,179,307,32,30,82,56,153,344,617,0.57,0.54,23.0,82,235.0,87.75,1,2048494,38661750,1955377.0,14.486093571685258,10.035656401944895,3.7341977309562395,5.222042139384117,0.9335494327390599,0.8752025931928687,2.392220421393841,1.633711507293355,6.418152350081037,0.17504051863857376,3.2965964343598055,4.463533225283631,17.380281690140844
Daeqwon Plowden,SAC,32,844,120,279,0.43,62,186,0.333,42,49,0.857,33,64,97,41,23,7,26,78,344,320,1.58,0.89,27.0,76,216.0,80.05149968959479,1,2048494,38661750,,,14.672985781990521,1.4075829383886256,2.7298578199052135,1.7488151658767772,0.981042654028436,0.29857819905213273,1.1090047393364928,11.90047393364929,7.933649289099526,2.090047393364929,3.3270142180094786,26.375
Nikola Jović,MIA,47,808,115,314,0.366,45,167,0.269,69,101,0.683,25,128,153,102,26,17,65,65,344,346,1.57,0.4,22.0,82,205.0,84.25,3,2378870,38661750,4445417.0,15.307384235803292,15.326732673267326,1.113861386138614,5.702970297029703,4.544554455445544,1.1584158415841586,0.7574257425742574,2.896039603960396,13.990099009900991,7.4405940594059405,4.5,2.896039603960396,17.19148936170213
Jalen Wilson,BKN,54,859,110,278,0.396,54,152,0.355,69,96,0.719,17,97,114,50,22,2,38,85,343,298,1.32,0.58,25.0,78,220.0,80.0,2,2296274,38661750,2221677.0,14.61377287407881,14.374854481955762,0.7124563445867288,4.065192083818394,2.0954598370197903,0.9220023282887078,0.08381839348079162,1.5925494761350407,11.650756693830036,6.370197904540163,4.023282887077998,3.5622817229336436,15.907407407407407
Dean Wade,CLE,59,1318,122,278,0.439,71,196,0.362,27,38,0.711,53,194,247,88,44,23,16,90,342,561,5.5,2.75,29.0,81,228.0,84.97205794755335,6,2874436,38661750,6623456.0,15.706127846070876,9.341426403641881,1.447647951441578,5.298937784522003,2.4036418816388467,1.2018209408194234,0.6282245827010623,0.4370257966616085,7.593323216995447,5.353566009104704,1.0379362670713201,2.4582701062215477,22.338983050847457
Mouhamed Gueye,ATL,77,1179,131,290,0.452,40,130,0.308,40,62,0.645,89,186,275,69,61,39,33,127,342,572,2.09,1.85,23.0,83,210.0,87.25,2,2296274,38661750,2221677.0,14.61377287407881,10.442748091603052,2.7175572519083966,5.679389312977099,2.1068702290076335,1.8625954198473282,1.1908396946564885,1.0076335877862594,8.854961832061068,3.969465648854962,1.8931297709923665,3.8778625954198476,15.311688311688311
Bryce McGowens,NOP,42,880,114,237,0.481,38,93,0.409,74,95,0.779,12,76,88,62,27,8,17,88,340,364,3.65,1.59,23.0,78,190.0,80.75,3,2378870,38661750,724598.0,13.493372297295776,13.909090909090908,0.4909090909090909,3.1090909090909093,2.536363636363636,1.1045454545454545,0.32727272727272727,0.6954545454545454,9.695454545454547,3.8045454545454547,3.8863636363636362,3.6,20.952380952380953
Mitchell Robinson,NYK,60,1175,149,206,0.723,0,0,0.0,42,103,0.408,252,273,525,52,56,70,41,127,340,884,1.27,1.37,28.0,84,240.0,87.92439290232849,7,3080921,46394100,12954546.0,16.37695732697987,10.417021276595744,7.720851063829787,8.364255319148937,1.593191489361702,1.715744680851064,2.1446808510638298,1.2561702127659573,6.311489361702128,0.0,3.155744680851064,3.891063829787234,19.583333333333332
Devin Carter,SAC,38,700,121,292,0.414,30,114,0.263,67,94,0.713,36,89,125,101,34,9,54,50,339,356,1.87,0.63,24.0,74,195.0,80.75,1,2048494,38661750,4923720.0,15.409574900331709,17.434285714285714,1.8514285714285714,4.577142857142857,5.194285714285715,1.7485714285714287,0.46285714285714286,2.777142857142857,15.017142857142858,5.862857142857143,4.8342857142857145,2.571428571428571,18.42105263157895
Jevon Carter,ORL,53,867,123,307,0.401,78,215,0.363,15,19,0.789,14,75,89,87,40,10,36,57,339,341,2.42,1.11,30.0,72,190.0,76.25,7,3080921,46394100,7680524.0,15.854198331963016,14.076124567474048,0.5813148788927335,3.1141868512110724,3.612456747404844,1.6608996539792389,0.4152249134948097,1.4948096885813147,12.747404844290658,8.927335640138407,0.7889273356401385,2.366782006920415,16.358490566037737
Jericho Sims,MIL,67,1318,145,185,0.784,0,0,0.0,44,71,0.62,147,223,370,104,19,17,75,146,334,702,1.39,0.25,27.0,82,250.0,87.25,4,2461463,38661750,2461463.0,14.716266446582551,9.122913505311077,4.0151745068285285,6.091047040971168,2.840667678300455,0.5189681335356601,0.464339908952959,2.04855842185129,5.053110773899848,0.0,1.9393019726858878,3.9878603945371776,19.671641791044777
Sharife Cooper,WAS,41,700,127,247,0.514,29,76,0.382,50,60,0.833,18,68,86,124,16,5,61,61,333,373,2.03,0.26,24.0,72,176.0,76.11505308322795,4,2461463,38661750,,,17.125714285714285,0.9257142857142857,3.4971428571428573,6.377142857142856,0.8228571428571428,0.2571428571428571,3.1371428571428575,12.702857142857143,3.9085714285714284,3.085714285714286,3.1371428571428575,17.073170731707318
Ben Saraf,BKN,44,916,120,303,0.396,19,90,0.211,73,88,0.83,20,72,92,145,38,8,99,81,332,318,1.47,0.38,20.0,78,200.0,80.7,0,1272870,38661750,2884560.0,14.87488293329478,13.048034934497817,0.7860262008733624,2.8296943231441047,5.698689956331878,1.4934497816593886,0.31441048034934493,3.890829694323144,11.908296943231441,3.5371179039301306,3.458515283842795,3.1834061135371177,20.818181818181817
Rayan Rupert,MEM,64,1073,123,313,0.393,44,136,0.324,42,54,0.778,48,140,188,68,55,9,55,124,332,395,1.24,1.0,22.0,79,205.0,86.0,2,2296274,38661750,2353647.0,14.67147659803849,11.138863000931966,1.6104380242311278,4.697110904007455,2.2814538676607645,1.8452935694315005,0.3019571295433364,1.8452935694315005,10.50139794967381,4.562907735321529,1.8117427772600185,4.160298229263747,16.765625
Kris Murray,POR,57,1333,129,276,0.467,34,122,0.279,39,57,0.684,90,116,206,81,51,22,47,92,331,479,1.72,1.09,25.0,80,218.0,83.75,2,2296274,38661750,3132000.0,14.957182336092831,8.939234808702176,2.4306076519129785,3.13278319579895,2.1875468867216803,1.377344336084021,0.5941485371342836,1.269317329332333,7.453863465866466,3.2948237059264813,1.539384846211553,2.4846211552888224,23.385964912280702
Kasparas Jakučionis,MIA,53,945,102,238,0.429,66,156,0.423,58,66,0.879,43,95,138,137,33,7,50,99,328,449,2.74,0.66,20.0,77,200.0,79.75,0,1272870,38661750,3658800.0,15.112645782764346,12.495238095238097,1.638095238095238,3.6190476190476186,5.219047619047619,1.2571428571428571,0.26666666666666666,1.9047619047619047,9.066666666666666,5.942857142857143,2.5142857142857142,3.7714285714285714,17.830188679245282
Anthony Gill,WAS,55,951,135,215,0.628,17,48,0.354,34,46,0.739,58,100,158,69,31,21,36,88,321,472,1.92,0.86,33.0,79,230.0,83.00383464436993,5,2667944,38661750,2296274.0,14.646798367280478,12.151419558359622,2.195583596214511,3.7854889589905363,2.6119873817034702,1.1735015772870663,0.7949526813880127,1.362776025236593,8.138801261829654,1.8170347003154574,1.7413249211356465,3.3312302839116716,17.29090909090909
Keegan Murray,SAC,23,793,126,300,0.42,31,112,0.277,38,49,0.776,33,99,132,38,24,36,27,42,321,339,1.41,0.89,25.0,80,225.0,83.98794629596165,3,2378870,38661750,11144093.0,16.226420139704874,14.572509457755359,1.4981084489281211,4.494325346784363,1.725094577553594,1.08953341740227,1.634300126103405,1.2257250945775537,13.619167717528374,5.084489281210593,2.2244640605296344,1.9066834804539723,34.47826086956522
Jaden Ivey,CHI,37,670,114,256,0.445,50,134,0.373,38,47,0.809,24,67,91,68,23,14,41,53,316,320,1.66,0.56,24.0,75,195.0,79.06738803800309,3,2378870,38661750,10107163.0,16.128754938363183,16.97910447761194,1.2895522388059701,3.6,3.6537313432835816,1.2358208955223882,0.7522388059701492,2.2029850746268655,13.755223880597015,7.2,2.5253731343283583,2.8477611940298506,18.10810810810811
Ochai Agbaji,BKN,62,973,122,280,0.436,34,128,0.266,36,43,0.837,46,95,141,47,24,17,31,93,314,347,1.52,0.77,26.0,77,215.0,82.0,3,2378870,38661750,6383525.0,15.669231010581706,11.617677286742035,1.7019527235354575,3.514902363823227,1.7389516957862283,0.8879753340184995,0.6289825282631037,1.1469681397738951,10.359712230215827,4.735868448098664,1.5909558067831449,3.4409044193216856,15.693548387096774
Aaron Holiday,HOU,57,781,105,252,0.417,67,170,0.394,35,41,0.854,13,45,58,60,27,5,38,72,312,271,1.58,0.71,29.0,72,185.0,79.5,7,3080921,46394100,2296274.0,14.646798367280478,14.381562099871958,0.5992317541613317,2.0742637644046096,2.7656850192061455,1.2445582586427657,0.23047375160051214,1.7516005121638925,11.615877080665813,7.8361075544174135,1.8898847631241997,3.3188220230473755,13.701754385964913
Domantas Sabonis,SAC,19,564,120,221,0.543,5,27,0.185,56,77,0.727,64,152,216,78,18,4,51,66,301,444,1.53,0.35,30.0,82,240.0,85.95616959914507,9,3303774,46394100,42336000.0,17.561148345896818,19.212765957446805,4.085106382978723,9.702127659574469,4.9787234042553195,1.1489361702127658,0.2553191489361702,3.2553191489361706,14.106382978723403,1.7234042553191489,4.914893617021277,4.212765957446809,29.68421052631579
Jett Howard,ORL,55,695,105,251,0.418,54,145,0.372,37,39,0.949,23,64,87,45,10,11,15,66,301,291,3.0,0.67,22.0,80,215.0,83.98794629596165,2,2296274,38661750,5529720.0,15.525647739305237,15.59136690647482,1.19136690647482,3.3151079136690647,2.3309352517985613,0.5179856115107914,0.5697841726618705,0.7769784172661871,13.001438848920863,7.510791366906475,2.0201438848920863,3.418705035971223,12.636363636363637
Vince Williams Jr.,UTA,40,819,103,292,0.353,55,177,0.311,39,50,0.78,39,116,155,166,29,16,70,80,300,396,2.37,0.41,25.0,76,205.0,80.05149968959479,3,2378870,38661750,2301587.0,14.649109442958824,13.186813186813186,1.7142857142857142,5.0989010989010985,7.2967032967032965,1.2747252747252746,0.7032967032967032,3.076923076923077,12.835164835164836,7.780219780219781,2.1978021978021975,3.5164835164835164,20.475
Carter Bryant,SAS,71,818,108,265,0.408,52,155,0.335,30,42,0.714,38,140,178,47,16,23,33,94,298,360,1.42,0.49,20.0,78,220.0,83.75,0,1272870,38661750,4900320.0,15.404811067070952,13.114914425427873,1.6723716381418092,6.161369193154035,2.0684596577017116,0.7041564792176039,1.0122249388753057,1.452322738386308,11.662591687041566,6.821515892420538,1.8484107579462103,4.136919315403423,11.52112676056338
Nicolas Batum,LAC,74,1295,96,238,0.403,92,228,0.404,9,11,0.818,23,161,184,64,47,23,37,100,293,430,1.73,1.27,37.0,79,230.0,83.00383464436993,17,3634153,54126450,5601600.0,15.538562829182538,8.145173745173745,0.6393822393822394,4.475675675675676,1.779150579150579,1.3065637065637066,0.6393822393822394,1.0285714285714285,6.616216216216216,6.338223938223938,0.3057915057915058,2.7799227799227797,17.5
Tre Mann,CHA,53,668,109,303,0.36,50,155,0.323,23,27,0.852,20,72,92,86,25,5,54,69,291,247,1.59,0.46,25.0,76,178.0,76.0,4,2461463,38661750,8000000.0,15.89495209964411,15.682634730538922,1.0778443113772456,3.8802395209580838,4.634730538922155,1.3473053892215567,0.2694610778443114,2.910179640718563,16.32934131736527,8.353293413173652,1.4550898203592815,3.718562874251497,12.60377358490566
Tyrese Martin,PHI,46,777,109,277,0.394,53,165,0.321,19,28,0.679,34,82,116,78,25,6,40,33,290,298,1.95,0.63,27.0,78,215.0,82.01972299277821,3,2378870,38661750,2191897.0,14.600277936894928,13.436293436293436,1.5752895752895753,3.7992277992277996,3.613899613899614,1.1583011583011582,0.277992277992278,1.8532818532818531,12.833976833976834,7.644787644787645,1.2972972972972974,1.528957528957529,16.891304347826086
Craig Porter Jr.,CLE,64,1148,116,258,0.45,33,93,0.355,24,40,0.6,85,135,220,205,57,38,59,70,289,592,3.48,0.97,26.0,73,180.0,77.09916473481965,2,2296274,38661750,2221677.0,14.61377287407881,9.062717770034842,2.6655052264808363,4.2334494773519165,6.428571428571429,1.7874564459930313,1.1916376306620209,1.8501742160278747,8.090592334494774,2.916376306620209,1.254355400696864,2.1951219512195124,17.9375
Hugo González,BOS,74,1084,117,246,0.476,42,116,0.362,13,26,0.5,62,184,246,40,42,21,38,124,289,458,1.05,1.11,20.0,78,200.0,82.75,0,1272870,38661750,2783880.0,14.83935619605919,9.597785977859779,2.059040590405904,6.11070110701107,1.3284132841328413,1.3948339483394836,0.6974169741697418,1.261992619926199,8.169741697416974,3.8523985239852396,0.8634686346863469,4.118081180811808,14.64864864864865
Jarred Vanderbilt,LAL,65,1128,113,240,0.471,29,99,0.293,33,56,0.589,80,212,292,84,55,19,56,104,288,532,1.5,0.98,27.0,80,214.0,83.98794629596165,7,3080921,46394100,11571429.0,16.264049600618435,9.191489361702127,2.5531914893617023,6.76595744680851,2.6808510638297873,1.7553191489361701,0.6063829787234043,1.7872340425531916,7.659574468085107,3.1595744680851063,1.7872340425531916,3.3191489361702127,17.353846153846153
Clint Capela,HOU,75,926,118,227,0.52,1,2,0.5,45,78,0.577,160,185,345,50,36,63,41,74,282,593,1.22,0.88,32.0,82,256.0,85.95616959914507,11,3634153,54126450,6700000.0,15.717618084361195,10.963282937365012,6.2203023758099345,7.192224622030238,1.9438444924406046,1.3995680345572354,2.449244060475162,1.5939524838012957,8.825053995680346,0.07775377969762419,3.032397408207343,2.876889848812095,12.346666666666666
Jabari Walker,PHI,64,762,97,213,0.455,32,95,0.337,50,68,0.735,72,120,192,34,23,13,27,103,276,377,1.26,0.85,23.0,79,237.0,82.75,3,2378870,38661750,724598.0,13.493372297295776,13.03937007874016,3.4015748031496065,5.669291338582677,1.6062992125984252,1.0866141732283465,0.6141732283464567,1.2755905511811023,10.062992125984252,4.488188976377953,3.2125984251968505,4.866141732283464,11.90625
Nick Richards,CHI,48,701,103,201,0.512,5,18,0.278,65,101,0.644,77,166,243,16,10,32,59,88,276,384,0.27,0.17,28.0,83,245.0,86.25,5,2667944,38661750,5000000.0,15.424948470398377,14.17403708987161,3.9543509272467903,8.524964336661911,0.8216833095577747,0.5135520684736091,1.6433666191155494,3.029957203994294,10.322396576319543,0.9243937232524964,5.186875891583453,4.519258202567761,14.604166666666666
Jaylen Clark,MIN,68,888,99,228,0.434,33,101,0.327,44,67,0.657,54,66,120,43,47,9,23,87,275,319,1.87,2.04,24.0,77,205.0,81.0,2,2296274,38661750,2191897.0,14.600277936894928,11.14864864864865,2.1891891891891895,2.675675675675676,1.7432432432432432,1.9054054054054055,0.3648648648648649,0.9324324324324325,9.243243243243242,4.094594594594595,2.7162162162162167,3.527027027027027,13.058823529411764
Tyler Kolek,NYK,62,727,108,248,0.435,44,114,0.386,14,20,0.7,16,82,98,170,22,4,55,65,274,367,3.09,0.4,25.0,74,195.0,74.75,1,2048494,38661750,2191897.0,14.600277936894928,13.56808803301238,0.7922971114167813,4.060522696011004,8.418156808803301,1.0894085281980743,0.19807427785419532,2.723521320495186,12.280605226960109,5.645116918844567,0.9903713892709766,3.2187070151306743,11.725806451612904
Tyrese Proctor,CLE,50,545,93,225,0.413,46,131,0.351,40,45,0.889,11,53,64,74,25,0,40,59,272,258,1.85,0.63,22.0,76,185.0,79.25,0,1272870,38661750,1272870.0,14.056784751350763,17.96697247706422,0.726605504587156,3.5009174311926605,4.888073394495413,1.651376146788991,0.0,2.6422018348623855,14.862385321100918,8.653211009174312,2.9724770642201834,3.897247706422019,10.9
Kyle Anderson,MIN,43,853,107,202,0.53,4,11,0.364,48,68,0.706,42,108,150,126,45,26,39,96,266,459,3.23,1.15,32.0,80,230.0,86.75,11,3634153,54126450,9219512.0,16.036832665715533,11.226260257913246,1.7725674091441967,4.558030480656506,5.317702227432591,1.899179366940211,1.0973036342321218,1.6459554513481829,8.525205158264948,0.4642438452520516,2.869871043376319,4.051582649472451,19.837209302325583
Jamaree Bouyea,PHX,46,644,108,236,0.458,23,78,0.295,24,35,0.686,18,64,82,82,29,16,30,38,263,303,2.73,0.97,26.0,74,180.0,78.08327638641137,3,2378870,38661750,,,14.701863354037268,1.0062111801242237,3.5776397515527947,4.583850931677018,1.6211180124223603,0.8944099378881987,1.6770186335403725,13.192546583850932,4.360248447204969,1.9565217391304348,2.124223602484472,14.0
Micah Peavy,NOP,61,913,106,275,0.385,28,108,0.259,22,29,0.759,46,71,117,61,43,9,20,96,262,296,3.05,2.15,24.0,79,215.0,79.25,0,1272870,38661750,1272870.0,14.056784751350763,10.33077765607886,1.8138006571741512,2.799561883899233,2.4052573932092,1.6955093099671414,0.3548740416210296,0.7886089813800657,10.843373493975905,4.258488499452355,1.1434830230010953,3.7853231106243155,14.967213114754099
Jalen Pickett,DEN,50,807,98,232,0.422,49,127,0.386,15,19,0.789,18,96,114,115,13,5,34,42,260,335,3.38,0.38,26.0,74,202.0,79.25,2,2296274,38661750,2221677.0,14.61377287407881,11.598513011152416,0.8029739776951672,4.282527881040892,5.130111524163569,0.5799256505576208,0.22304832713754646,1.516728624535316,10.349442379182157,5.66542750929368,0.8475836431226765,1.8736059479553904,16.14
Jordan Hawkins,NOP,51,692,94,257,0.366,47,135,0.348,23,27,0.852,20,68,88,42,13,10,34,30,258,210,1.24,0.38,24.0,77,190.0,78.75,2,2296274,38661750,4741320.0,15.371826135915278,13.421965317919076,1.0404624277456647,3.5375722543352603,2.184971098265896,0.6763005780346821,0.5202312138728323,1.7687861271676302,13.369942196531792,7.023121387283237,1.4046242774566475,1.560693641618497,13.568627450980392
Pete Nance,MIL,47,737,100,194,0.515,50,119,0.42,4,11,0.364,27,98,125,48,14,14,26,62,254,328,1.85,0.54,26.0,81,225.0,84.97205794755335,2,2296274,38661750,,,12.407055630936227,1.3188602442333786,4.786974219810041,2.344640434192673,0.683853459972863,0.683853459972863,1.2700135685210312,9.476255088195387,5.812754409769335,0.5373134328358209,3.0284938941655364,15.680851063829786
Grant Williams,CHA,36,711,78,183,0.426,52,134,0.388,44,54,0.815,46,96,142,56,17,18,31,56,252,339,1.81,0.55,27.0,79,236.0,81.75,6,2874436,38661750,13645500.0,16.428920354912364,12.759493670886076,2.329113924050633,4.860759493670885,2.8354430379746836,0.860759493670886,0.9113924050632911,1.5696202531645569,9.265822784810128,6.784810126582279,2.7341772151898733,2.8354430379746836,19.75
Josh Green,CHA,58,908,83,181,0.459,58,138,0.42,25,28,0.893,45,57,102,47,35,6,35,64,249,303,1.34,1.0,25.0,78,200.0,81.75,5,2667944,38661750,13666667.0,16.430470360390714,9.872246696035242,1.7841409691629955,2.2599118942731278,1.8634361233480177,1.3876651982378856,0.2378854625550661,1.3876651982378856,7.176211453744493,5.471365638766519,1.1101321585903083,2.537444933920705,15.655172413793103
John Konchar,UTA,56,1115,94,199,0.472,28,99,0.283,32,44,0.727,74,166,240,118,83,38,35,79,248,575,3.37,2.37,30.0,77,210.0,81.03561134118651,6,2874436,38661750,6165000.0,15.634398694580582,8.007174887892376,2.389237668161435,5.359641255605381,3.809865470852018,2.6798206278026906,1.2269058295964124,1.1300448430493273,6.425112107623319,3.1964125560538115,1.420627802690583,2.5506726457399105,19.910714285714285
Kevin Love,UTA,37,613,79,199,0.397,53,142,0.373,37,44,0.841,55,160,215,67,14,9,30,54,248,396,2.23,0.47,37.0,82,251.0,83.25,17,3634153,54126450,4150000.0,15.23861889220688,14.564437194127242,3.230016313213703,9.396411092985318,3.934747145187602,0.8221859706362153,0.5285481239804242,1.7618270799347473,11.68678629690049,8.33931484502447,2.584013050570962,3.171288743882545,16.56756756756757
Mohamed Diawara,NYK,69,634,90,213,0.423,48,130,0.369,18,24,0.75,15,79,94,53,17,6,30,50,246,257,1.77,0.57,21.0,81,225.0,84.97205794755335,0,1272870,38661750,1272870.0,14.056784751350763,13.968454258675077,0.8517350157728706,4.485804416403786,3.0094637223974763,0.9652996845425867,0.34069400630914826,1.7034700315457412,12.094637223974765,7.381703470031546,1.362776025236593,2.839116719242902,9.18840579710145
Mike Conley,MIN,54,991,72,215,0.335,56,166,0.337,45,50,0.9,18,75,93,157,35,14,34,84,245,362,4.62,1.03,38.0,73,175.0,77.75,18,3634153,54126450,11499872.0,16.257846462836753,8.900100908173563,0.6538849646821393,2.72452068617558,5.703329969727548,1.2714429868819375,0.508577194752775,1.2351160443995963,7.81029263370333,6.030272452068617,1.8163471241170535,3.0514631685166496,18.35185185185185
Terrence Shannon Jr.,MIN,43,538,77,171,0.45,31,76,0.408,56,70,0.8,10,39,49,38,14,1,24,50,241,211,1.58,0.58,25.0,78,215.0,80.0,1,2048494,38661750,2674080.0,14.799115953922753,16.12639405204461,0.6691449814126395,2.6096654275092934,2.54275092936803,0.9368029739776952,0.06691449814126393,1.6059479553903344,11.442379182156134,5.08550185873606,4.684014869888476,3.3457249070631967,12.511627906976743
Jase Richardson,ORL,54,587,89,188,0.473,28,79,0.354,33,46,0.717,21,42,63,58,19,2,25,53,239,244,2.32,0.76,20.0,73,180.0,78.0,0,1272870,38661750,2983320.0,14.908547332299198,14.657580919931856,1.2879045996592846,2.575809199318569,3.5570698466780235,1.1652470187393527,0.12265758091993186,1.533219761499148,11.529812606473595,4.844974446337308,2.821124361158433,3.250425894378194,10.87037037037037
Taurean Prince,MIL,26,611,86,191,0.45,61,140,0.436,6,6,1.0,4,77,81,46,16,6,31,48,239,252,1.48,0.52,32.0,78,218.0,83.5,9,3303774,46394100,3303774.0,15.01057600934644,14.081833060556464,0.23567921440261866,4.5368248772504085,2.7103109656301143,0.9427168576104746,0.353518821603928,1.8265139116202946,11.25368248772504,8.248772504091653,0.353518821603928,2.828150572831424,23.5
Dylan Cardwell,SAC,44,907,105,179,0.587,2,4,0.5,26,51,0.51,147,185,332,62,30,67,39,161,238,591,1.59,0.77,24.0,82,255.0,85.95616959914507,0,1272870,38661750,,,9.446527012127895,5.834619625137817,7.342888643880926,2.4608599779492835,1.1907386990077178,2.659316427783903,1.547960308710033,7.1047409040793825,0.1587651598676957,2.0242557883131203,6.390297684674752,20.613636363636363
Rasheer Fleming,PHX,55,673,87,215,0.405,45,130,0.346,19,34,0.559,57,67,124,16,22,21,29,64,238,249,0.55,0.76,21.0,81,240.0,89.25,0,1272870,38661750,1272870.0,14.056784751350763,12.73105497771174,3.049034175334324,3.5839524517087664,0.8558692421991084,1.1768202080237742,1.1233283803863299,1.5512630014858841,11.500742942050518,6.9539375928677565,1.8187221396731055,3.4234769687964337,12.236363636363636
Cole Anthony,MIL,35,527,98,231,0.424,22,72,0.306,16,26,0.615,16,71,87,121,20,11,65,73,234,265,1.86,0.31,26.0,74,185.0,78.08327638641137,5,2667944,38661750,5996274.0,15.606648834291963,15.98481973434535,1.092979127134725,4.850094876660342,8.265654648956357,1.366223908918406,0.7514231499051234,4.44022770398482,15.779886148007591,4.918406072106262,1.776091081593928,4.986717267552182,15.057142857142857
Gabe Vincent,ATL,53,879,76,216,0.352,59,173,0.341,20,23,0.87,17,37,54,76,27,3,27,79,231,221,2.82,1.0,29.0,74,200.0,78.08327638641137,6,2874436,38661750,11500000.0,16.25785759333348,9.460750853242322,0.6962457337883959,1.515358361774744,3.112627986348123,1.10580204778157,0.12286689419795221,1.10580204778157,8.84641638225256,7.085324232081911,0.9419795221843003,3.2354948805460753,16.58490566037736
Dalton Knecht,LAL,54,553,87,191,0.455,38,111,0.342,16,22,0.727,14,61,75,21,11,11,23,45,228,213,0.91,0.48,25.0,78,215.0,81.0,1,2048494,38661750,4010160.0,15.204341698736137,14.842676311030742,0.9113924050632911,3.9710669077757683,1.3670886075949367,0.7160940325497288,0.7160940325497288,1.4972875226039783,12.433996383363473,7.226039783001808,1.4321880650994576,2.9294755877034357,10.24074074074074
Asa Newell,ATL,44,500,91,169,0.538,29,75,0.387,16,29,0.552,44,52,96,26,16,15,23,65,227,266,1.13,0.7,20.0,82,220.0,83.25,0,1272870,38661750,3237480.0,14.99030580736467,16.344,3.1679999999999997,3.7439999999999998,1.8719999999999999,1.1520000000000001,1.08,1.656,12.168000000000001,5.3999999999999995,2.088,4.68,11.363636363636363
Caleb Martin,DAL,58,856,85,189,0.45,20,57,0.351,37,61,0.607,28,115,143,81,40,15,40,86,227,338,2.03,1.0,30.0,77,205.0,82.0,6,2874436,38661750,9594044.0,16.07665304723334,9.546728971962617,1.1775700934579438,4.836448598130842,3.406542056074766,1.6822429906542056,0.630841121495327,1.6822429906542056,7.9485981308411215,2.3971962616822426,2.5654205607476634,3.616822429906542,14.758620689655173
Noah Penda,ORL,59,757,82,203,0.404,30,93,0.323,33,48,0.688,67,120,187,70,30,18,42,70,227,354,1.67,0.71,21.0,79,215.0,83.5,0,1272870,38661750,1272870.0,14.056784751350763,10.795244385733158,3.1862615587846763,5.70673712021136,3.3289299867899604,1.42668428005284,0.8560105680317041,1.9973579920739761,9.653896961690885,4.422721268163804,2.282694848084544,3.3289299867899604,12.830508474576272
Ethan Thompson,IND,32,653,74,196,0.378,38,116,0.328,37,47,0.787,17,52,69,57,20,9,25,69,223,221,2.28,0.8,27.0,76,195.0,80.05149968959479,1,2048494,38661750,,,12.294027565084226,0.9372128637059725,2.8667687595712095,3.1424196018376724,1.1026033690658499,0.49617151607963245,1.3782542113323122,10.80551301684533,6.3950995405819295,2.5911179173047474,3.803981623277182,20.40625
Tidjane Salaün,CHA,37,575,80,159,0.503,36,83,0.434,26,40,0.65,26,123,149,27,16,7,26,54,222,302,1.04,0.62,20.0,82,207.0,85.5,1,2048494,38661750,7863240.0,15.877709293209104,13.89913043478261,1.6278260869565218,7.700869565217391,1.6904347826086956,1.0017391304347827,0.43826086956521737,1.6278260869565218,9.954782608695652,5.196521739130434,2.5043478260869567,3.3808695652173912,15.54054054054054
Drew Eubanks,SAC,42,552,93,156,0.596,1,7,0.143,32,57,0.561,39,88,127,19,15,26,30,57,219,288,0.63,0.5,29.0,82,245.0,85.95616959914507,7,3080921,46394100,2296274.0,14.646798367280478,14.282608695652174,2.543478260869565,5.739130434782608,1.2391304347826086,0.9782608695652174,1.6956521739130435,1.9565217391304348,10.17391304347826,0.4565217391304348,3.717391304347826,3.717391304347826,13.142857142857142
Dwight Powell,DAL,63,904,65,101,0.644,2,7,0.286,78,112,0.696,96,161,257,68,34,21,41,133,210,479,1.66,0.83,34.0,82,240.0,84.5,11,3634153,54126450,4000000.0,15.201804919084164,8.36283185840708,3.823008849557522,6.411504424778761,2.7079646017699117,1.3539823008849559,0.836283185840708,1.6327433628318584,4.022123893805309,0.27876106194690264,4.460176991150442,5.29646017699115,14.34920634920635
Tyus Jones,DEN,67,979,76,218,0.349,40,137,0.292,7,9,0.778,12,64,76,159,37,3,25,31,199,305,6.36,1.48,30.0,72,196.0,77.0,10,3634153,54126450,7000000.0,15.761420707019589,7.317671092951992,0.44126659856996936,2.3534218590398366,5.846782431052094,1.3605720122574054,0.11031664964249234,0.9193054136874361,8.016343207354444,5.03779366700715,0.33094994892747703,1.139938712972421,14.611940298507463
Jahmai Mashack,MEM,31,673,77,195,0.395,19,75,0.253,19,35,0.543,23,58,81,69,37,14,49,67,192,210,1.41,0.76,23.0,76,203.0,80.05149968959479,0,1272870,38661750,,,10.2704309063893,1.2303120356612183,3.1025260029717683,3.690936106983655,1.9791976225854384,0.7488855869242199,2.6210995542347697,10.430906389301635,4.011887072808321,1.8722139673105498,3.5839524517087664,21.70967741935484
Jamison Battle,TOR,61,517,74,145,0.51,35,85,0.412,9,14,0.643,20,69,89,24,7,3,19,42,192,220,1.26,0.37,25.0,79,220.0,83.00383464436993,1,2048494,38661750,1955377.0,14.486093571685258,13.369439071566731,1.3926499032882012,4.804642166344294,1.6711798839458414,0.4874274661508704,0.20889748549323017,1.323017408123791,10.096711798839458,5.918762088974855,0.9748549323017408,2.9245647969052224,8.475409836065573
Zeke Nnaji,DEN,52,626,71,151,0.47,14,54,0.259,34,44,0.773,33,103,136,29,17,24,27,71,190,279,1.07,0.63,25.0,82,240.0,86.0,5,2667944,38661750,8177778.0,15.916931033536798,10.926517571884984,1.8977635782747604,5.92332268370607,1.6677316293929711,0.9776357827476038,1.3801916932907348,1.5527156549520766,8.68370607028754,3.1054313099041533,2.5303514376996805,4.083067092651757,12.038461538461538
Steven Adams,HOU,32,730,70,139,0.504,0,0,0.0,47,81,0.58,145,131,276,48,22,20,35,55,187,415,1.37,0.63,32.0,83,265.0,88.5,12,3634153,54126450,14130434.0,16.463841468980245,9.221917808219178,7.150684931506849,6.4602739726027405,2.3671232876712325,1.084931506849315,0.9863013698630136,1.7260273972602738,6.854794520547945,0.0,3.9945205479452057,2.7123287671232874,22.8125
Keaton Wallace,ATL,53,536,68,171,0.398,38,102,0.373,12,18,0.667,3,53,56,94,24,5,28,48,186,228,3.36,0.86,27.0,75,185.0,79.06738803800309,1,2048494,38661750,2296274.0,14.646798367280478,12.492537313432836,0.20149253731343283,3.559701492537313,6.313432835820896,1.6119402985074627,0.33582089552238803,1.880597014925373,11.485074626865671,6.850746268656716,1.208955223880597,3.2238805970149254,10.11320754716981
Johnny Furphy,IND,35,643,70,149,0.47,23,71,0.324,17,35,0.486,32,121,153,41,20,7,29,65,180,275,1.41,0.69,21.0,80,200.0,80.0,1,2048494,38661750,1955377.0,14.486093571685258,10.077760497667185,1.791601866251944,6.7744945567651635,2.2954898911353037,1.119751166407465,0.39191290824261277,1.6236391912908241,8.342146189735614,3.9751166407465006,1.9595645412130638,3.639191290824261,18.37142857142857
Elijah Harkless,UTA,26,545,54,161,0.335,21,88,0.239,49,64,0.766,10,43,53,75,31,6,26,52,178,195,2.89,1.19,26.0,75,195.0,79.06738803800309,1,2048494,38661750,,,11.757798165137615,0.6605504587155964,2.8403669724770646,4.954128440366973,2.047706422018349,0.3963302752293578,1.7174311926605506,10.634862385321101,5.812844036697248,4.227522935779817,3.434862385321101,20.96153846153846
Dalen Terry,PHI,48,551,68,155,0.439,24,66,0.364,16,30,0.533,26,60,86,66,29,15,26,49,176,245,2.54,1.12,23.0,78,210.0,84.75,3,2378870,38661750,5399118.0,15.501746164860828,11.499092558983666,1.6987295825771327,3.9201451905626135,4.312159709618875,1.894736842105263,0.9800362976406534,1.6987295825771327,10.127041742286753,4.312159709618875,1.9600725952813067,3.2014519056261346,11.479166666666666
Moussa Cisse,DAL,38,530,66,115,0.574,0,0,0.0,38,81,0.469,89,127,216,9,19,45,30,73,170,337,0.3,0.63,23.0,83,220.0,86.94028125073677,0,1272870,38661750,,,11.547169811320755,6.0452830188679245,8.626415094339622,0.6113207547169811,1.290566037735849,3.0566037735849054,2.0377358490566038,7.811320754716982,0.0,5.50188679245283,4.958490566037736,13.947368421052632
Kam Jones,IND,37,616,68,169,0.402,22,75,0.293,4,8,0.5,15,45,60,119,18,0,36,39,162,218,3.31,0.5,24.0,76,200.0,78.0,0,1272870,38661750,1272870.0,14.056784751350763,9.467532467532468,0.8766233766233766,2.6298701298701297,6.954545454545454,1.051948051948052,0.0,2.103896103896104,9.876623376623376,4.383116883116883,0.4675324675324676,2.279220779220779,16.64864864864865
Lonzo Ball,CLE,35,728,53,176,0.301,40,147,0.272,14,21,0.667,26,114,140,136,45,9,52,46,160,308,2.62,0.87,28.0,77,190.0,81.03561134118651,8,3287409,46394100,10000000.0,16.11809565095832,7.912087912087912,1.2857142857142856,5.637362637362637,6.725274725274725,2.2252747252747254,0.44505494505494503,2.571428571428571,8.703296703296703,7.269230769230769,1.0384615384615385,2.2747252747252746,20.8
Jonathan Isaac,ORL,52,521,46,109,0.422,7,38,0.184,35,58,0.603,43,89,132,22,20,31,18,41,134,235,1.22,1.11,28.0,82,230.0,85.95616959914507,8,3287409,46394100,15000000.0,16.523560759066484,9.259117082533589,2.9712092130518233,6.149712092130518,1.5201535508637236,1.381957773512476,2.1420345489443378,1.2437619961612285,7.531669865642995,2.6257197696737045,4.007677543186181,2.833013435700576,10.01923076923077
Gary Harris,MIL,48,661,46,104,0.442,28,68,0.412,8,9,0.889,16,45,61,51,27,9,19,53,128,198,2.68,1.42,31.0,76,210.0,78.75,11,3634153,54126450,3634153.0,15.105886629418512,6.971255673222391,0.8714069591527989,2.4508320726172466,2.777609682299546,1.470499243570348,0.4901664145234493,1.0347957639939485,5.664145234493192,3.703479576399395,0.4901664145234493,2.886535552193646,13.770833333333334
Dorian Finney-Smith,HOU,37,620,44,132,0.333,27,100,0.27,8,9,0.889,35,58,93,36,16,6,22,61,123,163,1.64,0.73,33.0,79,220.0,83.75,9,3303774,46394100,12700000.0,16.35711255142882,7.141935483870968,2.032258064516129,3.367741935483871,2.0903225806451613,0.9290322580645162,0.34838709677419355,1.2774193548387096,7.664516129032258,5.806451612903226,0.5225806451612903,3.541935483870968,16.756756756756758
